{
  "session_id": "0b3d4e6b-73f9-4062-a9bf-187bccbdb9d9",
  "episode_count": 1,
  "auditor_compliance_log": [
    -0.96
  ],
  "episode_id": "45a4c70d-a39c-4655-92c1-46d1a80767de",
  "task": "binary_decision",
  "difficulty": "easy",
  "steps_taken": 8,
  "cumulative_reward": -5.93,
  "applicant": {
    "applicant_id": "1EAAD603",
    "features": {
      "revolving_utilization": 0.412782989,
      "delinquency_30_59": 0.0,
      "delinquency_60_89": 0.0,
      "delinquency_90plus": 0.0,
      "total_delinquency_score": 0.0,
      "debt_burden_score": 0.3797286308562983,
      "real_estate_exposure": 0.5,
      "medical_stress_score": 0.48288102817889483,
      "income_capacity_score": 0.5698105587781538,
      "net_worth_score": 0.6082297949627979,
      "asset_ownership_score": 1.0,
      "payment_reliability": 0.7567164670000001,
      "transaction_health": 0.7374388595562428,
      "overdraft_risk": 0.0,
      "employment_stability": 0.6849464495421861,
      "account_maturity": 0.16019733223699967,
      "business_health_score": 0.6646428571428571,
      "age_years": 0.6888888888888889,
      "open_credit_lines": 0.5666666666666667,
      "location_risk_index": 0.5
    },
    "presented_features": {
      "revolving_utilization": 0.412782989,
      "delinquency_30_59": 0.0,
      "delinquency_60_89": 0.0,
      "delinquency_90plus": 0.0,
      "total_delinquency_score": 0.0,
      "debt_burden_score": 0.3797286308562983,
      "real_estate_exposure": 0.5,
      "medical_stress_score": 0.48288102817889483,
      "income_capacity_score": 0.5698105587781538,
      "net_worth_score": 0.6082297949627979,
      "asset_ownership_score": 1.0,
      "payment_reliability": 0.7567164670000001,
      "transaction_health": 0.6861847827483392,
      "overdraft_risk": 0.0,
      "employment_stability": 0.6849464495421861,
      "account_maturity": 0.16019733223699967,
      "business_health_score": 0.6646428571428571,
      "age_years": 0.6888888888888889,
      "open_credit_lines": 0.5666666666666667,
      "location_risk_index": 0.5
    },
    "field_confidence": {
      "revolving_utilization": 0.857,
      "delinquency_30_59": 0.973,
      "delinquency_60_89": 0.768,
      "delinquency_90plus": 0.82,
      "total_delinquency_score": 0.729,
      "debt_burden_score": 0.774,
      "real_estate_exposure": 0.838,
      "medical_stress_score": 0.748,
      "income_capacity_score": 0.891,
      "net_worth_score": 0.843,
      "asset_ownership_score": 0.742,
      "payment_reliability": 0.791,
      "transaction_health": 0.761,
      "overdraft_risk": 0.8,
      "employment_stability": 0.954,
      "account_maturity": 0.862,
      "business_health_score": 0.943,
      "age_years": 0.826,
      "open_credit_lines": 0.973,
      "location_risk_index": 0.969
    },
    "uncertainty_flags": {
      "revolving_utilization": 0.143,
      "delinquency_30_59": 0.027,
      "delinquency_60_89": 0.232,
      "delinquency_90plus": 0.18,
      "total_delinquency_score": 0.271,
      "debt_burden_score": 0.226,
      "real_estate_exposure": 0.162,
      "medical_stress_score": 0.252,
      "income_capacity_score": 0.109,
      "net_worth_score": 0.157,
      "asset_ownership_score": 0.258,
      "payment_reliability": 0.209,
      "transaction_health": 0.239,
      "overdraft_risk": 0.2,
      "employment_stability": 0.046,
      "account_maturity": 0.138,
      "business_health_score": 0.057,
      "age_years": 0.174,
      "open_credit_lines": 0.027,
      "location_risk_index": 0.031
    },
    "hidden_fields": [
      "delinquency_90plus",
      "employment_stability",
      "income_capacity_score",
      "net_worth_score"
    ],
    "visible_fields": [
      "account_maturity",
      "location_risk_index",
      "payment_reliability",
      "transaction_health"
    ],
    "data_quality": "observed_with_noise",
    "applicant_behavior": "honest",
    "is_adversarial": false,
    "fabricated_fields": [],
    "withheld_fields": [],
    "raw_row": {
      "revolvingutilizationofunsecuredlines": 0.412782989,
      "numberoftime30-59dayspastduenotworse": 0.0,
      "numberoftimes90dayslate": 0.0,
      "numberoftime60-89dayspastduenotworse": 0.0,
      "numberrealestateloansorlines": 5.0,
      "numberofdependents": 2.0,
      "numberofopencreditlinesandloans": 17.0,
      "age": 62.0,
      "marital_status": 1.0,
      "employment_type": 2.0,
      "years_at_address": 6.0,
      "months_employed": 29.0,
      "monthlyincome": 12645.5,
      "monthly_revenue": 45421.0,
      "profit_margin": 13.0,
      "business_age": 9.0,
      "business_type_risk": 0.55,
      "business_type_encoded": 6.0,
      "debtratio": 0.609199459,
      "medical_debt": 1428.0,
      "current_medical_condition": 0.0,
      "emi_payment_ratio": 0.504497304,
      "rent_payment_regular": 1.0,
      "utility_payment_ratio": 0.980002543,
      "fd_amount": 93581.0,
      "gold_value_estimate": 5306.0,
      "property_owned": 1.0,
      "vehicle_owned": 1.0,
      "emergency_savings_months": 2.0,
      "bank_account_age_months": 6.0,
      "avg_monthly_balance": 2990.0,
      "negative_balance_days": 9.0,
      "overdraft_count": 0.0,
      "salary_credit_consistency": 0.937233768,
      "income_variability_score": 0.174595647,
      "monthly_upi_spend": 15287.0,
      "active_txn_days": 18.0,
      "failed_txn_ratio": 0.137144914,
      "late_night_txn_ratio": 0.213637707,
      "gov_scheme_enrollment": 1.0,
      "location_risk_index": 0.5,
      "target": 0.0
    },
    "source": "dataset_sample"
  },
  "ground_truth": {
    "tier": "high_risk",
    "decision": "deny",
    "default_prob": 0.632055,
    "confidence": 0.446366,
    "market_condition": "High Inflation",
    "thresholds": {
      "low_risk": 0.1892,
      "medium_risk": 0.3354
    },
    "market_summary": "Household cash flow is strained and missed payments rise."
  },
  "market_state": {
    "name": "High Inflation",
    "base_rate": 11.1,
    "default_risk_index": 1.08,
    "sector_outlook": "Household cash flow is strained and missed payments rise.",
    "threshold_delta": -0.03
  },
  "market_visible": true,
  "current_policy": {
    "max_dti": 0.629,
    "required_fields": [
      "payment_reliability",
      "debt_burden_score"
    ]
  },
  "conversation": [
    {
      "role": "system",
      "content": "Episode 45a4c70d-a39c-4655-92c1-46d1a80767de started for task 'binary_decision' with difficulty 'easy'. Investigate the applicant within 8 steps.",
      "step": 0
    },
    {
      "role": "applicant",
      "content": "Submitting application 1EAAD603 with partially observed profile data. Declared quality: observed_with_noise.",
      "step": 0
    },
    {
      "role": "assistant",
      "content": "Please provide the field 'revolving_utilization'.",
      "step": 1
    },
    {
      "role": "applicant",
      "content": "revolving_utilization provided as 0.412783 with self-reported confidence 0.86.",
      "step": 1
    },
    {
      "role": "assistant",
      "content": "Requesting current lending market conditions.",
      "step": 8
    },
    {
      "role": "system",
      "content": "Market revealed: High Inflation with base rate 11.1 and outlook 'Household cash flow is strained and missed payments rise.'.",
      "step": 8
    }
  ],
  "fraud_flags": [],
  "requested_fields": [
    "revolving_utilization"
  ],
  "revealed_fields": {
    "account_maturity": {
      "value": 0.160197,
      "confidence": 0.862,
      "source": "initial"
    },
    "location_risk_index": {
      "value": 0.5,
      "confidence": 0.969,
      "source": "initial"
    },
    "payment_reliability": {
      "value": 0.756716,
      "confidence": 0.791,
      "source": "initial"
    },
    "transaction_health": {
      "value": 0.686185,
      "confidence": 0.761,
      "source": "initial"
    },
    "revolving_utilization": {
      "value": 0.412783,
      "confidence": 0.857,
      "source": "requested"
    }
  },
  "done": true,