{
  "session_id": "0bb0595a-1d55-4fbd-ba44-190feb43ed49",
  "episode_count": 1,
  "auditor_compliance_log": [
    0.9571
  ],
  "episode_id": "2244d780-0e68-4d8f-8c91-0fc9b1930280",
  "task": "risk_tiering",
  "difficulty": "medium",
  "steps_taken": 3,
  "cumulative_reward": 1.0371,
  "applicant": {
    "applicant_id": "5897AB1D",
    "features": {
      "revolving_utilization": 0.020027999,
      "delinquency_30_59": 0.0,
      "delinquency_60_89": 0.0,
      "delinquency_90plus": 0.0,
      "total_delinquency_score": 0.0,
      "debt_burden_score": 0.37951800275232783,
      "real_estate_exposure": 0.1,
      "medical_stress_score": 0.5068350082569835,
      "income_capacity_score": 0.7554590449971466,
      "net_worth_score": 0.9581631512972566,
      "asset_ownership_score": 0.0,
      "payment_reliability": 0.7989812207722222,
      "transaction_health": 0.6557141818904092,
      "overdraft_risk": 0.0,
      "employment_stability": 0.8076861692534395,
      "account_maturity": 0.5895137044951808,
      "business_health_score": 0.6164285714285714,
      "age_years": 0.7,
      "open_credit_lines": 0.3,
      "location_risk_index": 0.8
    },
    "presented_features": {
      "revolving_utilization": 0.020027999,
      "delinquency_30_59": 0.0,
      "delinquency_60_89": 0.0,
      "delinquency_90plus": 0.0,
      "total_delinquency_score": 0.0,
      "debt_burden_score": 0.37951800275232783,
      "real_estate_exposure": 0.1,
      "medical_stress_score": 0.5068350082569835,
      "income_capacity_score": 0.7554590449971466,
      "net_worth_score": 0.9581631512972566,
      "asset_ownership_score": 0.0,
      "payment_reliability": 0.7989812207722222,
      "transaction_health": 0.6557141818904092,
      "overdraft_risk": 0.0,
      "employment_stability": 0.7720176684661323,
      "account_maturity": 0.5895137044951808,
      "business_health_score": 0.6164285714285714,
      "age_years": 0.7,
      "open_credit_lines": 0.2896961831590694,
      "location_risk_index": 0.8197317565683891
    },
    "field_confidence": {
      "revolving_utilization": 0.722,
      "delinquency_30_59": 0.81,
      "delinquency_60_89": 0.789,
      "delinquency_90plus": 0.936,
      "total_delinquency_score": 0.725,
      "debt_burden_score": 0.77,
      "real_estate_exposure": 0.803,
      "medical_stress_score": 0.82,
      "income_capacity_score": 0.82,
      "net_worth_score": 0.743,
      "asset_ownership_score": 0.885,
      "payment_reliability": 0.773,
      "transaction_health": 0.764,
      "overdraft_risk": 0.954,
      "employment_stability": 0.892,
      "account_maturity": 0.775,
      "business_health_score": 0.953,
      "age_years": 0.91,
      "open_credit_lines": 0.975,
      "location_risk_index": 0.963
    },
    "uncertainty_flags": {
      "revolving_utilization": 0.278,
      "delinquency_30_59": 0.19,
      "delinquency_60_89": 0.211,
      "delinquency_90plus": 0.064,
      "total_delinquency_score": 0.275,
      "debt_burden_score": 0.23,
      "real_estate_exposure": 0.197,
      "medical_stress_score": 0.18,
      "income_capacity_score": 0.18,
      "net_worth_score": 0.257,
      "asset_ownership_score": 0.115,
      "payment_reliability": 0.227,
      "transaction_health": 0.236,
      "overdraft_risk": 0.046,
      "employment_stability": 0.108,
      "account_maturity": 0.225,
      "business_health_score": 0.047,
      "age_years": 0.09,
      "open_credit_lines": 0.025,
      "location_risk_index": 0.037
    },
    "hidden_fields": [
      "account_maturity",
      "business_health_score",
      "medical_stress_score",
      "net_worth_score",
      "revolving_utilization",
      "total_delinquency_score"
    ],
    "visible_fields": [
      "employment_stability",
      "income_capacity_score",
      "location_risk_index",
      "payment_reliability",
      "transaction_health"
    ],
    "data_quality": "observed_with_noise",
    "applicant_behavior": "honest",
    "is_adversarial": false,
    "fabricated_fields": [],
    "withheld_fields": [],
    "raw_row": {
      "revolvingutilizationofunsecuredlines": 0.020027999,
      "numberoftime30-59dayspastduenotworse": 0.0,
      "numberoftimes90dayslate": 0.0,
      "numberoftime60-89dayspastduenotworse": 0.0,
      "numberrealestateloansorlines": 1.0,
      "numberofdependents": 0.0,
      "numberofopencreditlinesandloans": 9.0,
      "age": 63.0,
      "marital_status": 0.0,
      "employment_type": 2.0,
      "years_at_address": 8.0,
      "months_employed": 93.0,
      "monthlyincome": 2000.0,
      "monthly_revenue": 285709.0,
      "profit_margin": 18.0,
      "business_age": 13.0,
      "business_type_risk": 0.3,
      "business_type_encoded": 5.0,
      "debtratio": 0.301849075,
      "medical_debt": 2048.0,
      "current_medical_condition": 0.0,
      "emi_payment_ratio": 0.717774259,
      "rent_payment_regular": 1.0,
      "utility_payment_ratio": 0.891464962,
      "fd_amount": 338517.0,
      "gold_value_estimate": 62612.0,
      "property_owned": 0.0,
      "vehicle_owned": 0.0,
      "emergency_savings_months": 11.0,
      "bank_account_age_months": 61.0,
      "avg_monthly_balance": 41554.0,
      "negative_balance_days": 7.0,
      "overdraft_count": 0.0,
      "salary_credit_consistency": 0.898660202,
      "income_variability_score": 0.053318495,
      "monthly_upi_spend": 14727.0,
      "active_txn_days": 13.0,
      "failed_txn_ratio": 0.128833322,
      "late_night_txn_ratio": 0.280408874,
      "gov_scheme_enrollment": 0.0,
      "location_risk_index": 0.8,
      "target": 1.0
    },
    "source": "dataset_sample"
  },
  "ground_truth": {
    "tier": "low_risk",
    "decision": "approve",
    "default_prob": 0.041507,
    "confidence": 0.886408,
    "market_condition": "Stable Credit",
    "thresholds": {
      "low_risk": 0.2192,
      "medium_risk": 0.3654
    },
    "market_summary": "Baseline credit conditions with neutral underwriting pressure."
  },
  "market_state": {
    "name": "Stable Credit",
    "base_rate": 9.5,
    "default_risk_index": 1.0,
    "sector_outlook": "Baseline credit conditions with neutral underwriting pressure.",
    "threshold_delta": 0.0
  },
  "market_visible": true,
  "current_policy": {
    "max_dti": 0.531,
    "required_fields": [
      "payment_reliability",
      "debt_burden_score",
      "overdraft_risk"
    ]
  },
  "conversation": [
    {
      "role": "system",
      "content": "Episode 2244d780-0e68-4d8f-8c91-0fc9b1930280 started for task 'risk_tiering' with difficulty 'medium'. Investigate the applicant within 8 steps.",
      "step": 0
    },
    {
      "role": "applicant",
      "content": "Submitting application 5897AB1D with partially observed profile data. Declared quality: observed_with_noise.",
      "step": 0
    },
    {
      "role": "assistant",
      "content": "Please provide the field 'revolving_utilization'.",
      "step": 1
    },
    {
      "role": "applicant",
      "content": "revolving_utilization provided as 0.020028 with self-reported confidence 0.72.",
      "step": 1
    },
    {
      "role": "assistant",
      "content": "Requesting current lending market conditions.",
      "step": 2
    },
    {
      "role": "system",
      "content": "Market revealed: Stable Credit with base rate 9.5 and outlook 'Baseline credit conditions with neutral underwriting pressure.'.",
      "step": 2
    },
    {
      "role": "assistant",
      "content": "Final action: approve. Reasoning: Approving after reviewing applicant and market data.",
      "step": 3
    },
    {
      "role": "system",
      "content": "Episode resolved with oracle_decision=approve and oracle_score=0.9585.",
      "step": 3
    }
  ],
  "fraud_flags": [],
  "requested_fields": [
    "revolving_utilization"
  ],
  "revealed_fields": {
    "employment_stability": {
      "value": 0.772018,
      "confidence": 0.892,
      "source": "initial"
    },
    "income_capacity_score": {
      "value": 0.755459,