{
  "session_id": "69e176fa-11a7-4a41-b25a-5dd88fa8f201",
  "episode_count": 1,
  "auditor_compliance_log": [
    0.2762
  ],
  "episode_id": "e0b9eaea-a661-4eb6-a77b-9511db0588a7",
  "task": "binary_decision",
  "difficulty": "easy",
  "steps_taken": 3,
  "cumulative_reward": 0.3562,
  "applicant": {
    "applicant_id": "0159B2ED",
    "features": {
      "revolving_utilization": 0.433101328,
      "delinquency_30_59": 0.0,
      "delinquency_60_89": 0.0,
      "delinquency_90plus": 0.0,
      "total_delinquency_score": 0.0,
      "debt_burden_score": 0.47913145164171433,
      "real_estate_exposure": 0.1,
      "medical_stress_score": 0.5279227100751429,
      "income_capacity_score": 0.8090600488098534,
      "net_worth_score": 0.8475707711843207,
      "asset_ownership_score": 0.0,
      "payment_reliability": 0.7861802713022223,
      "transaction_health": 0.7112575664972537,
      "overdraft_risk": 0.1,
      "employment_stability": 0.5552827258627587,
      "account_maturity": 0.5891296679466064,
      "business_health_score": 0.5171428571428571,
      "age_years": 0.5555555555555556,
      "open_credit_lines": 0.5,
      "location_risk_index": 0.615384615
    },
    "presented_features": {
      "revolving_utilization": 0.433101328,
      "delinquency_30_59": 0.0,
      "delinquency_60_89": 0.0,
      "delinquency_90plus": 0.0,
      "total_delinquency_score": 0.0,
      "debt_burden_score": 0.47913145164171433,
      "real_estate_exposure": 0.1,
      "medical_stress_score": 0.5279227100751429,
      "income_capacity_score": 0.8488524241045121,
      "net_worth_score": 0.8475707711843207,
      "asset_ownership_score": 0.0,
      "payment_reliability": 0.7861802713022223,
      "transaction_health": 0.7112575664972537,
      "overdraft_risk": 0.1,
      "employment_stability": 0.5552827258627587,
      "account_maturity": 0.5891296679466064,
      "business_health_score": 0.5171428571428571,
      "age_years": 0.5555555555555556,
      "open_credit_lines": 0.5,
      "location_risk_index": 0.615384615
    },
    "field_confidence": {
      "revolving_utilization": 0.791,
      "delinquency_30_59": 0.776,
      "delinquency_60_89": 0.742,
      "delinquency_90plus": 0.804,
      "total_delinquency_score": 0.728,
      "debt_burden_score": 0.825,
      "real_estate_exposure": 0.88,
      "medical_stress_score": 0.772,
      "income_capacity_score": 0.757,
      "net_worth_score": 0.824,
      "asset_ownership_score": 0.911,
      "payment_reliability": 0.802,
      "transaction_health": 0.957,
      "overdraft_risk": 0.727,
      "employment_stability": 0.862,
      "account_maturity": 0.789,
      "business_health_score": 0.938,
      "age_years": 0.789,
      "open_credit_lines": 0.882,
      "location_risk_index": 0.845
    },
    "uncertainty_flags": {
      "revolving_utilization": 0.209,
      "delinquency_30_59": 0.224,
      "delinquency_60_89": 0.258,
      "delinquency_90plus": 0.196,
      "total_delinquency_score": 0.272,
      "debt_burden_score": 0.175,
      "real_estate_exposure": 0.12,
      "medical_stress_score": 0.228,
      "income_capacity_score": 0.243,
      "net_worth_score": 0.176,
      "asset_ownership_score": 0.089,
      "payment_reliability": 0.198,
      "transaction_health": 0.043,
      "overdraft_risk": 0.273,
      "employment_stability": 0.138,
      "account_maturity": 0.211,
      "business_health_score": 0.062,
      "age_years": 0.211,
      "open_credit_lines": 0.118,
      "location_risk_index": 0.155
    },
    "hidden_fields": [
      "delinquency_60_89",
      "open_credit_lines",
      "real_estate_exposure",
      "transaction_health"
    ],
    "visible_fields": [
      "account_maturity",
      "employment_stability",
      "income_capacity_score",
      "location_risk_index",
      "payment_reliability"
    ],
    "data_quality": "observed_with_noise",
    "applicant_behavior": "honest",
    "is_adversarial": false,
    "fabricated_fields": [],
    "withheld_fields": [],
    "raw_row": {
      "revolvingutilizationofunsecuredlines": 0.433101328,
      "numberoftime30-59dayspastduenotworse": 0.0,
      "numberoftimes90dayslate": 0.0,
      "numberoftime60-89dayspastduenotworse": 0.0,
      "numberrealestateloansorlines": 1.0,
      "numberofdependents": 2.0,
      "numberofopencreditlinesandloans": 15.0,
      "age": 50.0,
      "marital_status": 1.0,
      "employment_type": 1.0,
      "years_at_address": 17.0,
      "months_employed": 35.0,
      "monthlyincome": 5400.0,
      "monthly_revenue": 328794.0,
      "profit_margin": 31.0,
      "business_age": 2.0,
      "business_type_risk": 0.4,
      "business_type_encoded": 3.0,
      "debtratio": 1.908023685,
      "medical_debt": 2813.0,
      "current_medical_condition": 0.0,
      "emi_payment_ratio": 0.638382228,
      "rent_payment_regular": 1.0,
      "utility_payment_ratio": 0.872542854,
      "fd_amount": 95749.0,
      "gold_value_estimate": 111882.0,
      "property_owned": 0.0,
      "vehicle_owned": 0.0,
      "emergency_savings_months": 8.0,
      "bank_account_age_months": 87.0,
      "avg_monthly_balance": 715.0,
      "negative_balance_days": 7.0,
      "overdraft_count": 2.0,
      "salary_credit_consistency": 0.954774968,
      "income_variability_score": 0.89981039,
      "monthly_upi_spend": 12564.0,
      "active_txn_days": 15.0,
      "failed_txn_ratio": 0.087867899,
      "late_night_txn_ratio": 0.15373553,
      "gov_scheme_enrollment": 3.0,
      "location_risk_index": 0.615384615,
      "target": 1.0
    },
    "source": "dataset_sample"
  },
  "ground_truth": {
    "tier": "high_risk",
    "decision": "deny",
    "default_prob": 0.460997,
    "confidence": 0.150641,
    "market_condition": "Stable Credit",
    "thresholds": {
      "low_risk": 0.2192,
      "medium_risk": 0.3654
    },
    "market_summary": "Baseline credit conditions with neutral underwriting pressure."
  },
  "market_state": {
    "name": "Stable Credit",
    "base_rate": 9.5,
    "default_risk_index": 1.0,
    "sector_outlook": "Baseline credit conditions with neutral underwriting pressure.",
    "threshold_delta": 0.0
  },
  "market_visible": true,
  "current_policy": {
    "max_dti": 0.574,
    "required_fields": [
      "payment_reliability",
      "debt_burden_score"
    ]
  },
  "conversation": [
    {
      "role": "system",
      "content": "Episode e0b9eaea-a661-4eb6-a77b-9511db0588a7 started for task 'binary_decision' with difficulty 'easy'. Investigate the applicant within 8 steps.",
      "step": 0
    },
    {
      "role": "applicant",
      "content": "Submitting application 0159B2ED with partially observed profile data. Declared quality: observed_with_noise.",
      "step": 0
    },
    {
      "role": "assistant",
      "content": "Please provide the field 'revolving_utilization'.",
      "step": 1
    },
    {
      "role": "applicant",
      "content": "revolving_utilization provided as 0.433101 with self-reported confidence 0.79.",
      "step": 1
    },
    {
      "role": "assistant",
      "content": "Requesting current lending market conditions.",
      "step": 2
    },
    {
      "role": "system",
      "content": "Market revealed: Stable Credit with base rate 9.5 and outlook 'Baseline credit conditions with neutral underwriting pressure.'.",
      "step": 2
    },
    {
      "role": "assistant",
      "content": "Final action: approve. Reasoning: Approving after reviewing applicant and market data.",
      "step": 3
    },
    {
      "role": "system",
      "content": "Episode resolved with oracle_decision=deny and oracle_score=0.5390.",
      "step": 3
    }
  ],
  "fraud_flags": [],
  "requested_fields": [
    "revolving_utilization"
  ],
  "revealed_fields": {
    "account_maturity": {
      "value": 0.58913,
      "confidence": 0.789,
      "source": "initial"
    },
    "employment_stability": {
      "value": 0.555283,
      "confidence": 0.862,
      "source": "initial"
    },