{
  "session_id": "88256ae0-8b0f-4fec-be4e-186a92d287dd",
  "episode_count": 1,
  "auditor_compliance_log": [
    0.1061
  ],
  "episode_id": "e0521803-5780-4cb9-b754-8edc0fed2a12",
  "task": "risk_tiering",
  "difficulty": "medium",
  "steps_taken": 7,
  "cumulative_reward": 0.3461,
  "applicant": {
    "applicant_id": "32732052",
    "features": {
      "revolving_utilization": 0.939604026,
      "delinquency_30_59": 0.0,
      "delinquency_60_89": 0.0,
      "delinquency_90plus": 0.0,
      "total_delinquency_score": 0.0,
      "debt_burden_score": 0.4515517781230544,
      "real_estate_exposure": 0.0,
      "medical_stress_score": 0.5653691799991633,
      "income_capacity_score": 0.819277885629443,
      "net_worth_score": 0.922201884328491,
      "asset_ownership_score": 0.4,
      "payment_reliability": 0.8341666226644444,
      "transaction_health": 0.6220001339229266,
      "overdraft_risk": 0.05,
      "employment_stability": 0.7319457956540609,
      "account_maturity": 0.3792277681197764,
      "business_health_score": 0.4035714285714286,
      "age_years": 0.4888888888888889,
      "open_credit_lines": 0.3,
      "location_risk_index": 0.714285714
    },
    "presented_features": {
      "revolving_utilization": 0.939604026,
      "delinquency_30_59": 0.0,
      "delinquency_60_89": 0.0,
      "delinquency_90plus": 0.0,
      "total_delinquency_score": 0.0,
      "debt_burden_score": 0.4515517781230544,
      "real_estate_exposure": 0.0,
      "medical_stress_score": 0.5653691799991633,
      "income_capacity_score": 0.819277885629443,
      "net_worth_score": 0.922201884328491,
      "asset_ownership_score": 0.4,
      "payment_reliability": 0.8341666226644444,
      "transaction_health": 0.6220001339229266,
      "overdraft_risk": 0.05,
      "employment_stability": 0.7319457956540609,
      "account_maturity": 0.3792277681197764,
      "business_health_score": 0.4035714285714286,
      "age_years": 0.4888888888888889,
      "open_credit_lines": 0.3,
      "location_risk_index": 0.714285714
    },
    "field_confidence": {
      "revolving_utilization": 0.834,
      "delinquency_30_59": 0.825,
      "delinquency_60_89": 0.86,
      "delinquency_90plus": 0.723,
      "total_delinquency_score": 0.83,
      "debt_burden_score": 0.933,
      "real_estate_exposure": 0.907,
      "medical_stress_score": 0.806,
      "income_capacity_score": 0.938,
      "net_worth_score": 0.762,
      "asset_ownership_score": 0.974,
      "payment_reliability": 0.957,
      "transaction_health": 0.747,
      "overdraft_risk": 0.819,
      "employment_stability": 0.755,
      "account_maturity": 0.805,
      "business_health_score": 0.807,
      "age_years": 0.927,
      "open_credit_lines": 0.76,
      "location_risk_index": 0.978
    },
    "uncertainty_flags": {
      "revolving_utilization": 0.166,
      "delinquency_30_59": 0.175,
      "delinquency_60_89": 0.14,
      "delinquency_90plus": 0.277,
      "total_delinquency_score": 0.17,
      "debt_burden_score": 0.067,
      "real_estate_exposure": 0.093,
      "medical_stress_score": 0.194,
      "income_capacity_score": 0.062,
      "net_worth_score": 0.238,
      "asset_ownership_score": 0.026,
      "payment_reliability": 0.043,
      "transaction_health": 0.253,
      "overdraft_risk": 0.181,
      "employment_stability": 0.245,
      "account_maturity": 0.195,
      "business_health_score": 0.193,
      "age_years": 0.073,
      "open_credit_lines": 0.24,
      "location_risk_index": 0.022
    },
    "hidden_fields": [
      "age_years",
      "debt_burden_score",
      "income_capacity_score",
      "overdraft_risk",
      "real_estate_exposure",
      "revolving_utilization"
    ],
    "visible_fields": [
      "account_maturity",
      "employment_stability",
      "location_risk_index",
      "payment_reliability",
      "transaction_health"
    ],
    "data_quality": "observed_with_noise",
    "applicant_behavior": "honest",
    "is_adversarial": false,
    "fabricated_fields": [],
    "withheld_fields": [],
    "raw_row": {
      "revolvingutilizationofunsecuredlines": 0.939604026,
      "numberoftime30-59dayspastduenotworse": 0.0,
      "numberoftimes90dayslate": 0.0,
      "numberoftime60-89dayspastduenotworse": 0.0,
      "numberrealestateloansorlines": 0.0,
      "numberofdependents": 2.5,
      "numberofopencreditlinesandloans": 9.0,
      "age": 44.0,
      "marital_status": 1.0,
      "employment_type": 1.0,
      "years_at_address": 12.0,
      "months_employed": 153.0,
      "monthlyincome": 4950.0,
      "monthly_revenue": 373515.0,
      "profit_margin": 26.0,
      "business_age": 8.0,
      "business_type_risk": 0.5,
      "business_type_encoded": 0.0,
      "debtratio": 0.440719047,
      "medical_debt": 4942.0,
      "current_medical_condition": 0.0,
      "emi_payment_ratio": 0.928980206,
      "rent_payment_regular": 1.0,
      "utility_payment_ratio": 0.741359215,
      "fd_amount": 381227.0,
      "gold_value_estimate": 113106.0,
      "property_owned": 0.0,
      "vehicle_owned": 1.0,
      "emergency_savings_months": 9.0,
      "bank_account_age_months": 38.0,
      "avg_monthly_balance": 3073.0,
      "negative_balance_days": 5.0,
      "overdraft_count": 1.0,
      "salary_credit_consistency": 0.908620666,
      "income_variability_score": 0.0795556,
      "monthly_upi_spend": 15864.0,
      "active_txn_days": 8.0,
      "failed_txn_ratio": 0.046973915,
      "late_night_txn_ratio": 0.265473821,
      "gov_scheme_enrollment": 0.0,
      "location_risk_index": 0.714285714,
      "target": 1.0
    },
    "source": "dataset_sample"
  },
  "ground_truth": {
    "tier": "high_risk",
    "decision": "deny",
    "default_prob": 0.377381,
    "confidence": 0.10363,
    "market_condition": "Recession",
    "thresholds": {
      "low_risk": 0.1592,
      "medium_risk": 0.3054
    },
    "market_summary": "Conservative lending climate with tighter approval requirements."
  },
  "market_state": {
    "name": "Recession",
    "base_rate": 13.1,
    "default_risk_index": 1.18,
    "sector_outlook": "Conservative lending climate with tighter approval requirements.",
    "threshold_delta": -0.06
  },
  "market_visible": true,
  "current_policy": {
    "max_dti": 0.558,
    "required_fields": [
      "payment_reliability",
      "debt_burden_score",
      "overdraft_risk"
    ]
  },
  "conversation": [
    {
      "role": "system",
      "content": "Episode e0521803-5780-4cb9-b754-8edc0fed2a12 started for task 'risk_tiering' with difficulty 'medium'. Investigate the applicant within 8 steps.",
      "step": 0
    },
    {
      "role": "applicant",
      "content": "Submitting application 32732052 with partially observed profile data. Declared quality: observed_with_noise.",
      "step": 0
    },
    {
      "role": "assistant",
      "content": "Please provide the field 'debt_burden_score'.",
      "step": 1
    },
    {
      "role": "applicant",
      "content": "debt_burden_score provided as 0.451552 with self-reported confidence 0.93.",
      "step": 1
    },
    {
      "role": "assistant",
      "content": "Please provide the field 'overdraft_risk'.",
      "step": 2
    },
    {
      "role": "applicant",
      "content": "overdraft_risk provided as 0.050000 with self-reported confidence 0.82.",
      "step": 2
    },
    {
      "role": "assistant",
      "content": "Please provide the field 'total_delinquency_score'.",
      "step": 3
    },
    {
      "role": "applicant",
      "content": "total_delinquency_score provided as 0.000000 with self-reported confidence 0.83.",
      "step": 3
    },
    {
      "role": "assistant",
      "content": "Please provide the field 'medical_stress_score'.",
      "step": 4
    },
    {
      "role": "applicant",
      "content": "medical_stress_score provided as 0.565369 with self-reported confidence 0.81.",
      "step": 4
    },
    {
      "role": "assistant",
      "content": "Please provide the field 'income_capacity_score'.",