{
  "session_id": "d38df4dd-edee-4590-942c-70a412e7cd1e",
  "episode_count": 1,
  "auditor_compliance_log": [
    0.707
  ],
  "episode_id": "9ff12c24-1769-4913-ad10-2a806a073aff",
  "task": "adaptive_inquiry",
  "difficulty": "hard",
  "steps_taken": 8,
  "cumulative_reward": 0.987,
  "applicant": {
    "applicant_id": "92F4C371",
    "features": {
      "revolving_utilization": 0.645627043,
      "delinquency_30_59": 0.0,
      "delinquency_60_89": 0.0,
      "delinquency_90plus": 0.0,
      "total_delinquency_score": 0.0,
      "debt_burden_score": 0.43613783764,
      "real_estate_exposure": 0.1,
      "medical_stress_score": 0.6,
      "income_capacity_score": 0.739060085878019,
      "net_worth_score": 0.829350372874712,
      "asset_ownership_score": 0.4,
      "payment_reliability": 0.8239553899300001,
      "transaction_health": 0.8606218647667452,
      "overdraft_risk": 0.05,
      "employment_stability": 0.3909991816652847,
      "account_maturity": 0.5321706239773206,
      "business_health_score": 0.5964285714285714,
      "age_years": 0.4666666666666667,
      "open_credit_lines": 0.4,
      "location_risk_index": 0.625
    },
    "presented_features": {
      "revolving_utilization": 0.645627043,
      "delinquency_30_59": 0.0,
      "delinquency_60_89": 0.0,
      "delinquency_90plus": 0.0,
      "total_delinquency_score": 0.0,
      "debt_burden_score": 0.43613783764,
      "real_estate_exposure": 0.10715044329606245,
      "medical_stress_score": 0.6,
      "income_capacity_score": 0.7928144667154213,
      "net_worth_score": 0.9621852637391515,
      "asset_ownership_score": 0.4,
      "payment_reliability": 0.8763815461255483,
      "transaction_health": 0.8748157502407783,
      "overdraft_risk": 0.05,
      "employment_stability": 0.3909991816652847,
      "account_maturity": 0.5321706239773206,
      "business_health_score": 0.5964285714285714,
      "age_years": 0.4666666666666667,
      "open_credit_lines": 0.4,
      "location_risk_index": 0.5847130901903261
    },
    "field_confidence": {
      "revolving_utilization": 0.835,
      "delinquency_30_59": 0.825,
      "delinquency_60_89": 0.813,
      "delinquency_90plus": 0.793,
      "total_delinquency_score": 0.595,
      "debt_burden_score": 0.895,
      "real_estate_exposure": 0.794,
      "medical_stress_score": 0.518,
      "income_capacity_score": 0.631,
      "net_worth_score": 0.53,
      "asset_ownership_score": 0.821,
      "payment_reliability": 0.56,
      "transaction_health": 0.901,
      "overdraft_risk": 0.517,
      "employment_stability": 0.891,
      "account_maturity": 0.884,
      "business_health_score": 0.98,
      "age_years": 0.859,
      "open_credit_lines": 0.978,
      "location_risk_index": 0.793
    },
    "uncertainty_flags": {
      "revolving_utilization": 0.165,
      "delinquency_30_59": 0.175,
      "delinquency_60_89": 0.187,
      "delinquency_90plus": 0.207,
      "total_delinquency_score": 0.405,
      "debt_burden_score": 0.105,
      "real_estate_exposure": 0.206,
      "medical_stress_score": 0.482,
      "income_capacity_score": 0.369,
      "net_worth_score": 0.47,
      "asset_ownership_score": 0.179,
      "payment_reliability": 0.44,
      "transaction_health": 0.099,
      "overdraft_risk": 0.483,
      "employment_stability": 0.109,
      "account_maturity": 0.116,
      "business_health_score": 0.02,
      "age_years": 0.141,
      "open_credit_lines": 0.022,
      "location_risk_index": 0.207
    },
    "hidden_fields": [
      "asset_ownership_score",
      "debt_burden_score",
      "employment_stability",
      "income_capacity_score",
      "medical_stress_score",
      "net_worth_score",
      "overdraft_risk",
      "total_delinquency_score"
    ],
    "visible_fields": [
      "account_maturity",
      "location_risk_index",
      "payment_reliability",
      "transaction_health"
    ],
    "data_quality": "adversarial",
    "applicant_behavior": "adversarial",
    "is_adversarial": true,
    "fabricated_fields": [
      "income_capacity_score",
      "net_worth_score",
      "payment_reliability"
    ],
    "withheld_fields": [
      "medical_stress_score",
      "overdraft_risk",
      "total_delinquency_score"
    ],
    "raw_row": {
      "revolvingutilizationofunsecuredlines": 0.645627043,
      "numberoftime30-59dayspastduenotworse": 0.0,
      "numberoftimes90dayslate": 0.0,
      "numberoftime60-89dayspastduenotworse": 0.0,
      "numberrealestateloansorlines": 1.0,
      "numberofdependents": 0.0,
      "numberofopencreditlinesandloans": 12.0,
      "age": 42.0,
      "marital_status": 1.0,
      "employment_type": 0.0,
      "years_at_address": 0.0,
      "months_employed": 148.0,
      "monthlyincome": 8195.0,
      "monthly_revenue": 173052.0,
      "profit_margin": 20.0,
      "business_age": 6.0,
      "business_type_risk": 0.5,
      "business_type_encoded": 0.0,
      "debtratio": 0.320766227,
      "medical_debt": 8321.625,
      "current_medical_condition": 0.0,
      "emi_payment_ratio": 0.814736807,
      "rent_payment_regular": 1.0,
      "utility_payment_ratio": 0.911239235,
      "fd_amount": 87154.0,
      "gold_value_estimate": 184230.0,
      "property_owned": 0.0,
      "vehicle_owned": 1.0,
      "emergency_savings_months": 7.0,
      "bank_account_age_months": 66.0,
      "avg_monthly_balance": 43708.0,
      "negative_balance_days": 0.0,
      "overdraft_count": 1.0,
      "salary_credit_consistency": 0.523291829,
      "income_variability_score": 0.494341116,
      "monthly_upi_spend": 9926.0,
      "active_txn_days": 27.0,
      "failed_txn_ratio": 0.066290131,
      "late_night_txn_ratio": 0.293058193,
      "gov_scheme_enrollment": 3.0,
      "location_risk_index": 0.625,
      "target": 1.0
    },
    "source": "dataset_sample"
  },
  "ground_truth": {
    "tier": "medium_risk",
    "decision": "approve",
    "default_prob": 0.24621,
    "confidence": 0.265921,
    "market_condition": "High Inflation",
    "thresholds": {
      "low_risk": 0.1892,
      "medium_risk": 0.3354
    },
    "market_summary": "Household cash flow is strained and missed payments rise."
  },
  "market_state": {
    "name": "High Inflation",
    "base_rate": 11.1,
    "default_risk_index": 1.08,
    "sector_outlook": "Household cash flow is strained and missed payments rise.",
    "threshold_delta": -0.03
  },
  "market_visible": true,
  "current_policy": {
    "max_dti": 0.48,
    "required_fields": [
      "payment_reliability",
      "debt_burden_score",
      "overdraft_risk",
      "total_delinquency_score"
    ]
  },
  "conversation": [
    {
      "role": "system",
      "content": "Episode 9ff12c24-1769-4913-ad10-2a806a073aff started for task 'adaptive_inquiry' with difficulty 'hard'. Investigate the applicant within 8 steps.",
      "step": 0
    },
    {
      "role": "applicant",
      "content": "Submitting application 92F4C371 with partially observed profile data. Declared quality: adversarial.",
      "step": 0
    },
    {
      "role": "assistant",
      "content": "Please provide the field 'debt_burden_score'.",
      "step": 1
    },
    {
      "role": "applicant",
      "content": "debt_burden_score provided as 0.436138 with self-reported confidence 0.90.",
      "step": 1
    },
    {
      "role": "assistant",
      "content": "Please provide the field 'overdraft_risk'.",
      "step": 2
    },
    {
      "role": "applicant",
      "content": "overdraft_risk provided as 0.050000 with self-reported confidence 0.52.",
      "step": 2
    },
    {
      "role": "assistant",
      "content": "Please provide the field 'total_delinquency_score'.",
      "step": 3
    },
    {
      "role": "applicant",
      "content": "total_delinquency_score provided as 0.000000 with self-reported confidence 0.59.",
      "step": 3
    },
    {
      "role": "assistant",
      "content": "Please provide the field 'medical_stress_score'.",
      "step": 4
    },
    {
      "role": "applicant",