{
  "session_id": "d433eaf8-b061-4160-863b-57a4f021d633",
  "episode_count": 1,
  "auditor_compliance_log": [
    0.2762
  ],
  "episode_id": "cdb3743e-b0cc-4649-b6e8-4594d23a4ef0",
  "task": "binary_decision",
  "difficulty": "easy",
  "steps_taken": 3,
  "cumulative_reward": 0.3562,
  "applicant": {
    "applicant_id": "5A0A5E96",
    "features": {
      "revolving_utilization": 0.089710762,
      "delinquency_30_59": 0.0,
      "delinquency_60_89": 0.0,
      "delinquency_90plus": 0.0,
      "total_delinquency_score": 0.0,
      "debt_burden_score": 0.5023208780421126,
      "real_estate_exposure": 0.0,
      "medical_stress_score": 0.5369223332763378,
      "income_capacity_score": 0.6832148040781966,
      "net_worth_score": 0.7218774768048897,
      "asset_ownership_score": 0.0,
      "payment_reliability": 0.8877905979177778,
      "transaction_health": 0.5441603657505786,
      "overdraft_risk": 0.15,
      "employment_stability": 0.8125354884634648,
      "account_maturity": 0.6090911734665105,
      "business_health_score": 0.22107142857142859,
      "age_years": 0.6222222222222222,
      "open_credit_lines": 0.43333333333333335,
      "location_risk_index": 0.5
    },
    "presented_features": {
      "revolving_utilization": 0.089710762,
      "delinquency_30_59": 0.0,
      "delinquency_60_89": 0.0,
      "delinquency_90plus": 0.0,
      "total_delinquency_score": 0.0,
      "debt_burden_score": 0.5023208780421126,
      "real_estate_exposure": 0.0,
      "medical_stress_score": 0.5369223332763378,
      "income_capacity_score": 0.6832148040781966,
      "net_worth_score": 0.7218774768048897,
      "asset_ownership_score": 0.0,
      "payment_reliability": 0.8877905979177778,
      "transaction_health": 0.5146971765324218,
      "overdraft_risk": 0.15,
      "employment_stability": 0.8125354884634648,
      "account_maturity": 0.6090911734665105,
      "business_health_score": 0.22107142857142859,
      "age_years": 0.6222222222222222,
      "open_credit_lines": 0.43333333333333335,
      "location_risk_index": 0.5
    },
    "field_confidence": {
      "revolving_utilization": 0.803,
      "delinquency_30_59": 0.88,
      "delinquency_60_89": 0.94,
      "delinquency_90plus": 0.917,
      "total_delinquency_score": 0.77,
      "debt_burden_score": 0.776,
      "real_estate_exposure": 0.937,
      "medical_stress_score": 0.917,
      "income_capacity_score": 0.853,
      "net_worth_score": 0.745,
      "asset_ownership_score": 0.954,
      "payment_reliability": 0.753,
      "transaction_health": 0.905,
      "overdraft_risk": 0.74,
      "employment_stability": 0.941,
      "account_maturity": 0.921,
      "business_health_score": 0.803,
      "age_years": 0.944,
      "open_credit_lines": 0.89,
      "location_risk_index": 0.909
    },
    "uncertainty_flags": {
      "revolving_utilization": 0.197,
      "delinquency_30_59": 0.12,
      "delinquency_60_89": 0.06,
      "delinquency_90plus": 0.083,
      "total_delinquency_score": 0.23,
      "debt_burden_score": 0.224,
      "real_estate_exposure": 0.063,
      "medical_stress_score": 0.083,
      "income_capacity_score": 0.147,
      "net_worth_score": 0.255,
      "asset_ownership_score": 0.046,
      "payment_reliability": 0.247,
      "transaction_health": 0.095,
      "overdraft_risk": 0.26,
      "employment_stability": 0.059,
      "account_maturity": 0.079,
      "business_health_score": 0.197,
      "age_years": 0.056,
      "open_credit_lines": 0.11,
      "location_risk_index": 0.091
    },
    "hidden_fields": [
      "age_years",
      "delinquency_90plus",
      "employment_stability",
      "real_estate_exposure"
    ],
    "visible_fields": [
      "account_maturity",
      "income_capacity_score",
      "location_risk_index",
      "payment_reliability",
      "transaction_health"
    ],
    "data_quality": "observed_with_noise",
    "applicant_behavior": "honest",
    "is_adversarial": false,
    "fabricated_fields": [],
    "withheld_fields": [],
    "raw_row": {
      "revolvingutilizationofunsecuredlines": 0.089710762,
      "numberoftime30-59dayspastduenotworse": 0.0,
      "numberoftimes90dayslate": 0.0,
      "numberoftime60-89dayspastduenotworse": 0.0,
      "numberrealestateloansorlines": 0.0,
      "numberofdependents": 0.0,
      "numberofopencreditlinesandloans": 13.0,
      "age": 56.0,
      "marital_status": 2.0,
      "employment_type": 2.0,
      "years_at_address": 17.0,
      "months_employed": 55.0,
      "monthlyincome": 5400.0,
      "monthly_revenue": 149424.0,
      "profit_margin": 24.0,
      "business_age": 1.0,
      "business_type_risk": 0.45,
      "business_type_encoded": 2.0,
      "debtratio": 1.908023685,
      "medical_debt": 3221.0,
      "current_medical_condition": 0.0,
      "emi_payment_ratio": 0.759140436,
      "rent_payment_regular": 1.0,
      "utility_payment_ratio": 0.897938052,
      "fd_amount": 67015.0,
      "gold_value_estimate": 93386.0,
      "property_owned": 0.0,
      "vehicle_owned": 0.0,
      "emergency_savings_months": 4.0,
      "bank_account_age_months": 54.0,
      "avg_monthly_balance": 19393.0,
      "negative_balance_days": 2.0,
      "overdraft_count": 3.0,
      "salary_credit_consistency": 0.994568439,
      "income_variability_score": 0.400132937,
      "monthly_upi_spend": 7188.0,
      "active_txn_days": 5.0,
      "failed_txn_ratio": 0.056785758,
      "late_night_txn_ratio": 0.167213813,
      "gov_scheme_enrollment": 0.0,
      "location_risk_index": 0.5,
      "target": 0.0
    },
    "source": "dataset_sample"
  },
  "ground_truth": {
    "tier": "high_risk",
    "decision": "deny",
    "default_prob": 0.93569,
    "confidence": 0.907415,
    "market_condition": "Recession",
    "thresholds": {
      "low_risk": 0.1592,
      "medium_risk": 0.3054
    },
    "market_summary": "Conservative lending climate with tighter approval requirements."
  },
  "market_state": {
    "name": "Recession",
    "base_rate": 13.1,
    "default_risk_index": 1.18,
    "sector_outlook": "Conservative lending climate with tighter approval requirements.",
    "threshold_delta": -0.06
  },
  "market_visible": true,
  "current_policy": {
    "max_dti": 0.623,
    "required_fields": [
      "payment_reliability",
      "debt_burden_score"
    ]
  },
  "conversation": [
    {
      "role": "system",
      "content": "Episode cdb3743e-b0cc-4649-b6e8-4594d23a4ef0 started for task 'binary_decision' with difficulty 'easy'. Investigate the applicant within 8 steps.",
      "step": 0
    },
    {
      "role": "applicant",
      "content": "Submitting application 5A0A5E96 with partially observed profile data. Declared quality: observed_with_noise.",
      "step": 0
    },
    {
      "role": "assistant",
      "content": "Please provide the field 'revolving_utilization'.",
      "step": 1
    },
    {
      "role": "applicant",
      "content": "revolving_utilization provided as 0.089711 with self-reported confidence 0.80.",
      "step": 1
    },
    {
      "role": "assistant",
      "content": "Requesting current lending market conditions.",
      "step": 2
    },
    {
      "role": "system",
      "content": "Market revealed: Recession with base rate 13.1 and outlook 'Conservative lending climate with tighter approval requirements.'.",
      "step": 2
    },
    {
      "role": "assistant",
      "content": "Final action: approve. Reasoning: Approving after reviewing applicant and market data.",
      "step": 3
    },
    {
      "role": "system",
      "content": "Episode resolved with oracle_decision=deny and oracle_score=0.0643.",
      "step": 3
    }
  ],
  "fraud_flags": [],
  "requested_fields": [
    "revolving_utilization"
  ],
  "revealed_fields": {
    "account_maturity": {
      "value": 0.609091,
      "confidence": 0.921,
      "source": "initial"
    },
    "income_capacity_score": {
      "value": 0.683215,
      "confidence": 0.853,
      "source": "initial"
    },