{
  "session_id": "d6048a7d-6dc5-4f16-a909-04607f5a584f",
  "episode_count": 1,
  "auditor_compliance_log": [
    -0.96
  ],
  "episode_id": "e47a45a6-e8c2-4578-8386-87fa3d0a7683",
  "task": "binary_decision",
  "difficulty": "easy",
  "steps_taken": 8,
  "cumulative_reward": -5.93,
  "applicant": {
    "applicant_id": "820E6B54",
    "features": {
      "revolving_utilization": 0.001212121,
      "delinquency_30_59": 0.0,
      "delinquency_60_89": 0.0,
      "delinquency_90plus": 0.0,
      "total_delinquency_score": 0.0,
      "debt_burden_score": 0.479170929234763,
      "real_estate_exposure": 0.1,
      "medical_stress_score": 0.373100308604289,
      "income_capacity_score": 0.3365842311271661,
      "net_worth_score": 0.8427817148305957,
      "asset_ownership_score": 1.0,
      "payment_reliability": 0.815985114518889,
      "transaction_health": 0.6157258166866852,
      "overdraft_risk": 0.15,
      "employment_stability": 0.5118734749998191,
      "account_maturity": 0.7353650550152727,
      "business_health_score": 0.5639285714285714,
      "age_years": 0.6888888888888889,
      "open_credit_lines": 0.43333333333333335,
      "location_risk_index": 0.428571429
    },
    "presented_features": {
      "revolving_utilization": 0.0012899343927621726,
      "delinquency_30_59": 0.0,
      "delinquency_60_89": 0.0,
      "delinquency_90plus": 0.0,
      "total_delinquency_score": 0.0,
      "debt_burden_score": 0.479170929234763,
      "real_estate_exposure": 0.1,
      "medical_stress_score": 0.373100308604289,
      "income_capacity_score": 0.3365842311271661,
      "net_worth_score": 0.8427817148305957,
      "asset_ownership_score": 1.0,
      "payment_reliability": 0.815985114518889,
      "transaction_health": 0.6157258166866852,
      "overdraft_risk": 0.15719136086844077,
      "employment_stability": 0.5118734749998191,
      "account_maturity": 0.7353650550152727,
      "business_health_score": 0.5231021327084021,
      "age_years": 0.6446632402896739,
      "open_credit_lines": 0.43333333333333335,
      "location_risk_index": 0.4067033367977388
    },
    "field_confidence": {
      "revolving_utilization": 0.75,
      "delinquency_30_59": 0.937,
      "delinquency_60_89": 0.904,
      "delinquency_90plus": 0.898,
      "total_delinquency_score": 0.849,
      "debt_burden_score": 0.787,
      "real_estate_exposure": 0.93,
      "medical_stress_score": 0.732,
      "income_capacity_score": 0.736,
      "net_worth_score": 0.725,
      "asset_ownership_score": 0.839,
      "payment_reliability": 0.926,
      "transaction_health": 0.932,
      "overdraft_risk": 0.736,
      "employment_stability": 0.876,
      "account_maturity": 0.823,
      "business_health_score": 0.766,
      "age_years": 0.956,
      "open_credit_lines": 0.973,
      "location_risk_index": 0.768
    },
    "uncertainty_flags": {
      "revolving_utilization": 0.25,
      "delinquency_30_59": 0.063,
      "delinquency_60_89": 0.096,
      "delinquency_90plus": 0.102,
      "total_delinquency_score": 0.151,
      "debt_burden_score": 0.213,
      "real_estate_exposure": 0.07,
      "medical_stress_score": 0.268,
      "income_capacity_score": 0.264,
      "net_worth_score": 0.275,
      "asset_ownership_score": 0.161,
      "payment_reliability": 0.074,
      "transaction_health": 0.068,
      "overdraft_risk": 0.264,
      "employment_stability": 0.124,
      "account_maturity": 0.177,
      "business_health_score": 0.234,
      "age_years": 0.044,
      "open_credit_lines": 0.027,
      "location_risk_index": 0.232
    },
    "hidden_fields": [
      "delinquency_30_59",
      "delinquency_60_89",
      "open_credit_lines",
      "revolving_utilization"
    ],
    "visible_fields": [
      "account_maturity",
      "employment_stability",
      "income_capacity_score",
      "location_risk_index",
      "payment_reliability",
      "transaction_health"
    ],
    "data_quality": "observed_with_noise",
    "applicant_behavior": "honest",
    "is_adversarial": false,
    "fabricated_fields": [],
    "withheld_fields": [],
    "raw_row": {
      "revolvingutilizationofunsecuredlines": 0.001212121,
      "numberoftime30-59dayspastduenotworse": 0.0,
      "numberoftimes90dayslate": 0.0,
      "numberoftime60-89dayspastduenotworse": 0.0,
      "numberrealestateloansorlines": 1.0,
      "numberofdependents": 0.0,
      "numberofopencreditlinesandloans": 13.0,
      "age": 62.0,
      "marital_status": 2.0,
      "employment_type": 0.0,
      "years_at_address": 9.0,
      "months_employed": 197.0,
      "monthlyincome": 0.0,
      "monthly_revenue": 194454.0,
      "profit_margin": 18.0,
      "business_age": 13.0,
      "business_type_risk": 0.45,
      "business_type_encoded": 2.0,
      "debtratio": 1.908023685,
      "medical_debt": 273.0,
      "current_medical_condition": 0.0,
      "emi_payment_ratio": 0.844970007,
      "rent_payment_regular": 1.0,
      "utility_payment_ratio": 0.89334105,
      "fd_amount": 54066.0,
      "gold_value_estimate": 67053.0,
      "property_owned": 1.0,
      "vehicle_owned": 1.0,
      "emergency_savings_months": 9.0,
      "bank_account_age_months": 105.0,
      "avg_monthly_balance": 10074.0,
      "negative_balance_days": 1.0,
      "overdraft_count": 3.0,
      "salary_credit_consistency": 0.525991954,
      "income_variability_score": 0.458664009,
      "monthly_upi_spend": 832.0,
      "active_txn_days": 20.0,
      "failed_txn_ratio": 0.168109219,
      "late_night_txn_ratio": 0.036481679,
      "gov_scheme_enrollment": 0.0,
      "location_risk_index": 0.428571429,
      "target": 0.0
    },
    "source": "dataset_sample"
  },
  "ground_truth": {
    "tier": "low_risk",
    "decision": "approve",
    "default_prob": 0.245706,
    "confidence": 0.408508,
    "market_condition": "Economic Boom",
    "thresholds": {
      "low_risk": 0.2692,
      "medium_risk": 0.4154
    },
    "market_summary": "Growth is strong and lenders tolerate slightly more risk."
  },
  "market_state": {
    "name": "Economic Boom",
    "base_rate": 7.9,
    "default_risk_index": 0.92,
    "sector_outlook": "Growth is strong and lenders tolerate slightly more risk.",
    "threshold_delta": 0.05
  },
  "market_visible": true,
  "current_policy": {
    "max_dti": 0.623,
    "required_fields": [
      "payment_reliability",
      "debt_burden_score"
    ]
  },
  "conversation": [
    {
      "role": "system",
      "content": "Episode e47a45a6-e8c2-4578-8386-87fa3d0a7683 started for task 'binary_decision' with difficulty 'easy'. Investigate the applicant within 8 steps.",
      "step": 0
    },
    {
      "role": "applicant",
      "content": "Submitting application 820E6B54 with partially observed profile data. Declared quality: observed_with_noise.",
      "step": 0
    },
    {
      "role": "assistant",
      "content": "Please provide the field 'revolving_utilization'.",
      "step": 1
    },
    {
      "role": "applicant",
      "content": "revolving_utilization provided as 0.001290 with self-reported confidence 0.75.",
      "step": 1
    },
    {
      "role": "assistant",
      "content": "Requesting current lending market conditions.",
      "step": 8
    },
    {
      "role": "system",
      "content": "Market revealed: Economic Boom with base rate 7.9 and outlook 'Growth is strong and lenders tolerate slightly more risk.'.",
      "step": 8
    }
  ],
  "fraud_flags": [],
  "requested_fields": [
    "revolving_utilization"
  ],
  "revealed_fields": {
    "account_maturity": {
      "value": 0.735365,
      "confidence": 0.823,
      "source": "initial"
    },
    "employment_stability": {
      "value": 0.511873,
      "confidence": 0.876,
      "source": "initial"
    },
    "income_capacity_score": {
      "value": 0.336584,
      "confidence": 0.736,
      "source": "initial"
    },
    "location_risk_index": {
      "value": 0.406703,
      "confidence": 0.768,
      "source": "initial"
    },