{
  "session_id": "dffa221f-a2a7-4874-b6e8-7d05bb2cf1fb",
  "episode_count": 1,
  "auditor_compliance_log": [
    0.2762
  ],
  "episode_id": "5c198eb5-ecab-43be-bd68-fe157321ccbc",
  "task": "binary_decision",
  "difficulty": "easy",
  "steps_taken": 3,
  "cumulative_reward": 0.3562,
  "applicant": {
    "applicant_id": "E05205C9",
    "features": {
      "revolving_utilization": 0.031871136,
      "delinquency_30_59": 0.0,
      "delinquency_60_89": 0.0,
      "delinquency_90plus": 0.0,
      "total_delinquency_score": 0.0,
      "debt_burden_score": 0.3822142993578224,
      "real_estate_exposure": 0.2,
      "medical_stress_score": 0.5453218751034671,
      "income_capacity_score": 0.5677019292613095,
      "net_worth_score": 0.8089867708936344,
      "asset_ownership_score": 0.4,
      "payment_reliability": 0.77998039504,
      "transaction_health": 0.7526456094392646,
      "overdraft_risk": 0.2,
      "employment_stability": 0.7505703802807646,
      "account_maturity": 0.9849837842920737,
      "business_health_score": 0.6378571428571429,
      "age_years": 0.5444444444444444,
      "open_credit_lines": 0.36666666666666664,
      "location_risk_index": 0.461538462
    },
    "presented_features": {
      "revolving_utilization": 0.031871136,
      "delinquency_30_59": 0.0,
      "delinquency_60_89": 0.0,
      "delinquency_90plus": 0.0,
      "total_delinquency_score": 0.0,
      "debt_burden_score": 0.3822142993578224,
      "real_estate_exposure": 0.2,
      "medical_stress_score": 0.5377991841479786,
      "income_capacity_score": 0.5677019292613095,
      "net_worth_score": 0.8089867708936344,
      "asset_ownership_score": 0.4,
      "payment_reliability": 0.77998039504,
      "transaction_health": 0.8100986385013063,
      "overdraft_risk": 0.2,
      "employment_stability": 0.7505703802807646,
      "account_maturity": 0.9690797803335811,
      "business_health_score": 0.6701954840674679,
      "age_years": 0.5444444444444444,
      "open_credit_lines": 0.36666666666666664,
      "location_risk_index": 0.461538462
    },
    "field_confidence": {
      "revolving_utilization": 0.96,
      "delinquency_30_59": 0.776,
      "delinquency_60_89": 0.962,
      "delinquency_90plus": 0.853,
      "total_delinquency_score": 0.885,
      "debt_burden_score": 0.85,
      "real_estate_exposure": 0.801,
      "medical_stress_score": 0.839,
      "income_capacity_score": 0.824,
      "net_worth_score": 0.884,
      "asset_ownership_score": 0.723,
      "payment_reliability": 0.924,
      "transaction_health": 0.837,
      "overdraft_risk": 0.749,
      "employment_stability": 0.782,
      "account_maturity": 0.865,
      "business_health_score": 0.761,
      "age_years": 0.926,
      "open_credit_lines": 0.761,
      "location_risk_index": 0.741
    },
    "uncertainty_flags": {
      "revolving_utilization": 0.04,
      "delinquency_30_59": 0.224,
      "delinquency_60_89": 0.038,
      "delinquency_90plus": 0.147,
      "total_delinquency_score": 0.115,
      "debt_burden_score": 0.15,
      "real_estate_exposure": 0.199,
      "medical_stress_score": 0.161,
      "income_capacity_score": 0.176,
      "net_worth_score": 0.116,
      "asset_ownership_score": 0.277,
      "payment_reliability": 0.076,
      "transaction_health": 0.163,
      "overdraft_risk": 0.251,
      "employment_stability": 0.218,
      "account_maturity": 0.135,
      "business_health_score": 0.239,
      "age_years": 0.074,
      "open_credit_lines": 0.239,
      "location_risk_index": 0.259
    },
    "hidden_fields": [
      "asset_ownership_score",
      "delinquency_30_59",
      "medical_stress_score",
      "overdraft_risk"
    ],
    "visible_fields": [
      "account_maturity",
      "employment_stability",
      "income_capacity_score",
      "location_risk_index",
      "payment_reliability",
      "transaction_health"
    ],
    "data_quality": "observed_with_noise",
    "applicant_behavior": "honest",
    "is_adversarial": false,
    "fabricated_fields": [],
    "withheld_fields": [],
    "raw_row": {
      "revolvingutilizationofunsecuredlines": 0.031871136,
      "numberoftime30-59dayspastduenotworse": 0.0,
      "numberoftimes90dayslate": 0.0,
      "numberoftime60-89dayspastduenotworse": 0.0,
      "numberrealestateloansorlines": 2.0,
      "numberofdependents": 1.0,
      "numberofopencreditlinesandloans": 11.0,
      "age": 49.0,
      "marital_status": 1.0,
      "employment_type": 1.0,
      "years_at_address": 19.0,
      "months_employed": 204.0,
      "monthlyincome": 5400.0,
      "monthly_revenue": 41789.0,
      "profit_margin": 26.0,
      "business_age": 5.0,
      "business_type_risk": 0.3,
      "business_type_encoded": 5.0,
      "debtratio": 0.475652657,
      "medical_debt": 3655.0,
      "current_medical_condition": 0.0,
      "emi_payment_ratio": 0.58857862,
      "rent_payment_regular": 1.0,
      "utility_payment_ratio": 0.963974408,
      "fd_amount": 389843.0,
      "gold_value_estimate": 92715.0,
      "property_owned": 0.0,
      "vehicle_owned": 1.0,
      "emergency_savings_months": 5.0,
      "bank_account_age_months": 119.0,
      "avg_monthly_balance": 41444.0,
      "negative_balance_days": 9.0,
      "overdraft_count": 4.0,
      "salary_credit_consistency": 0.96783139,
      "income_variability_score": 0.586038752,
      "monthly_upi_spend": 8917.0,
      "active_txn_days": 20.0,
      "failed_txn_ratio": 0.079872404,
      "late_night_txn_ratio": 0.255588193,
      "gov_scheme_enrollment": 1.0,
      "location_risk_index": 0.461538462,
      "target": 1.0
    },
    "source": "dataset_sample"
  },
  "ground_truth": {
    "tier": "high_risk",
    "decision": "deny",
    "default_prob": 0.61171,
    "confidence": 0.440988,
    "market_condition": "Recession",
    "thresholds": {
      "low_risk": 0.1592,
      "medium_risk": 0.3054
    },
    "market_summary": "Conservative lending climate with tighter approval requirements."
  },
  "market_state": {
    "name": "Recession",
    "base_rate": 13.1,
    "default_risk_index": 1.18,
    "sector_outlook": "Conservative lending climate with tighter approval requirements.",
    "threshold_delta": -0.06
  },
  "market_visible": true,
  "current_policy": {
    "max_dti": 0.628,
    "required_fields": [
      "payment_reliability",
      "debt_burden_score"
    ]
  },
  "conversation": [
    {
      "role": "system",
      "content": "Episode 5c198eb5-ecab-43be-bd68-fe157321ccbc started for task 'binary_decision' with difficulty 'easy'. Investigate the applicant within 8 steps.",
      "step": 0
    },
    {
      "role": "applicant",
      "content": "Submitting application E05205C9 with partially observed profile data. Declared quality: observed_with_noise.",
      "step": 0
    },
    {
      "role": "assistant",
      "content": "Please provide the field 'revolving_utilization'.",
      "step": 1
    },
    {
      "role": "applicant",
      "content": "revolving_utilization provided as 0.031871 with self-reported confidence 0.96.",
      "step": 1
    },
    {
      "role": "assistant",
      "content": "Requesting current lending market conditions.",
      "step": 2
    },
    {
      "role": "system",
      "content": "Market revealed: Recession with base rate 13.1 and outlook 'Conservative lending climate with tighter approval requirements.'.",
      "step": 2
    },
    {
      "role": "assistant",
      "content": "Final action: approve. Reasoning: Approving after reviewing applicant and market data.",
      "step": 3
    },
    {
      "role": "system",
      "content": "Episode resolved with oracle_decision=deny and oracle_score=0.3883.",
      "step": 3
    }
  ],
  "fraud_flags": [],
  "requested_fields": [
    "revolving_utilization"
  ],
  "revealed_fields": {
    "account_maturity": {
      "value": 0.96908,
      "confidence": 0.865,
      "source": "initial"
    },
    "employment_stability": {
      "value": 0.75057,
      "confidence": 0.782,