{
  "session_id": "09d68544-2c79-4514-b86d-6c3275934598",
  "episode_count": 1,
  "auditor_compliance_log": [
    0.787
  ],
  "episode_id": "7ba7f394-0218-46e6-9e73-1b70d5694e3e",
  "task": "risk_tiering",
  "difficulty": "medium",
  "steps_taken": 7,
  "cumulative_reward": 1.0270000000000001,
  "applicant": {
    "applicant_id": "AC9FD23D",
    "features": {
      "revolving_utilization": 1.0,
      "delinquency_30_59": 0.0,
      "delinquency_60_89": 0.0,
      "delinquency_90plus": 0.0,
      "total_delinquency_score": 0.0,
      "debt_burden_score": 0.33620483498803966,
      "real_estate_exposure": 0.1,
      "medical_stress_score": 0.4163232658141188,
      "income_capacity_score": 0.7820295336975492,
      "net_worth_score": 0.8926065409705766,
      "asset_ownership_score": 0.4,
      "payment_reliability": 0.7319676860133333,
      "transaction_health": 0.87886197379358,
      "overdraft_risk": 0.0,
      "employment_stability": 0.7538965113386593,
      "account_maturity": 0.7146071832778563,
      "business_health_score": 0.3021428571428571,
      "age_years": 0.3888888888888889,
      "open_credit_lines": 0.26666666666666666,
      "location_risk_index": 0.8
    },
    "presented_features": {
      "revolving_utilization": 0.9700509165865369,
      "delinquency_30_59": 0.0,
      "delinquency_60_89": 0.0,
      "delinquency_90plus": 0.0,
      "total_delinquency_score": 0.0,
      "debt_burden_score": 0.33620483498803966,
      "real_estate_exposure": 0.1,
      "medical_stress_score": 0.4163232658141188,
      "income_capacity_score": 0.7820295336975492,
      "net_worth_score": 0.9030281685168028,
      "asset_ownership_score": 0.4,
      "payment_reliability": 0.7319676860133333,
      "transaction_health": 0.87886197379358,
      "overdraft_risk": 0.0,
      "employment_stability": 0.8011494828969046,
      "account_maturity": 0.7146071832778563,
      "business_health_score": 0.3021428571428571,
      "age_years": 0.3888888888888889,
      "open_credit_lines": 0.26666666666666666,
      "location_risk_index": 0.8
    },
    "field_confidence": {
      "revolving_utilization": 0.892,
      "delinquency_30_59": 0.949,
      "delinquency_60_89": 0.861,
      "delinquency_90plus": 0.744,
      "total_delinquency_score": 0.789,
      "debt_burden_score": 0.945,
      "real_estate_exposure": 0.901,
      "medical_stress_score": 0.85,
      "income_capacity_score": 0.86,
      "net_worth_score": 0.784,
      "asset_ownership_score": 0.903,
      "payment_reliability": 0.836,
      "transaction_health": 0.782,
      "overdraft_risk": 0.829,
      "employment_stability": 0.946,
      "account_maturity": 0.75,
      "business_health_score": 0.833,
      "age_years": 0.749,
      "open_credit_lines": 0.732,
      "location_risk_index": 0.726
    },
    "uncertainty_flags": {
      "revolving_utilization": 0.108,
      "delinquency_30_59": 0.051,
      "delinquency_60_89": 0.139,
      "delinquency_90plus": 0.256,
      "total_delinquency_score": 0.211,
      "debt_burden_score": 0.055,
      "real_estate_exposure": 0.099,
      "medical_stress_score": 0.15,
      "income_capacity_score": 0.14,
      "net_worth_score": 0.216,
      "asset_ownership_score": 0.097,
      "payment_reliability": 0.164,
      "transaction_health": 0.218,
      "overdraft_risk": 0.171,
      "employment_stability": 0.054,
      "account_maturity": 0.25,
      "business_health_score": 0.167,
      "age_years": 0.251,
      "open_credit_lines": 0.268,
      "location_risk_index": 0.274
    },
    "hidden_fields": [
      "account_maturity",
      "age_years",
      "asset_ownership_score",
      "delinquency_90plus",
      "location_risk_index",
      "overdraft_risk"
    ],
    "visible_fields": [
      "employment_stability",
      "income_capacity_score",
      "payment_reliability",
      "transaction_health"
    ],
    "data_quality": "observed_with_noise",
    "applicant_behavior": "honest",
    "is_adversarial": false,
    "fabricated_fields": [],
    "withheld_fields": [],
    "raw_row": {
      "revolvingutilizationofunsecuredlines": 1.00059996,
      "numberoftime30-59dayspastduenotworse": 0.0,
      "numberoftimes90dayslate": 0.0,
      "numberoftime60-89dayspastduenotworse": 0.0,
      "numberrealestateloansorlines": 1.0,
      "numberofdependents": 0.0,
      "numberofopencreditlinesandloans": 8.0,
      "age": 35.0,
      "marital_status": 1.0,
      "employment_type": 2.0,
      "years_at_address": 4.0,
      "months_employed": 204.0,
      "monthlyincome": 3191.0,
      "monthly_revenue": 357690.0,
      "profit_margin": 18.0,
      "business_age": 2.0,
      "business_type_risk": 0.3,
      "business_type_encoded": 5.0,
      "debtratio": 0.630325815,
      "medical_debt": 524.0,
      "current_medical_condition": 0.0,
      "emi_payment_ratio": 0.573230424,
      "rent_payment_regular": 1.0,
      "utility_payment_ratio": 0.735191989,
      "fd_amount": 260270.0,
      "gold_value_estimate": 57596.0,
      "property_owned": 0.0,
      "vehicle_owned": 1.0,
      "emergency_savings_months": 9.0,
      "bank_account_age_months": 155.0,
      "avg_monthly_balance": 4779.0,
      "negative_balance_days": 6.0,
      "overdraft_count": 0.0,
      "salary_credit_consistency": 0.906695408,
      "income_variability_score": 0.511232966,
      "monthly_upi_spend": 6643.0,
      "active_txn_days": 29.0,
      "failed_txn_ratio": 0.128945622,
      "late_night_txn_ratio": 0.0469612,
      "gov_scheme_enrollment": 0.0,
      "location_risk_index": 0.8,
      "target": 1.0
    },
    "source": "dataset_sample"
  },
  "ground_truth": {
    "tier": "low_risk",
    "decision": "approve",
    "default_prob": 0.101647,
    "confidence": 0.667168,
    "market_condition": "Recession",
    "thresholds": {
      "low_risk": 0.1592,
      "medium_risk": 0.3054
    },
    "market_summary": "Conservative lending climate with tighter approval requirements."
  },
  "market_state": {
    "name": "Recession",
    "base_rate": 13.1,
    "default_risk_index": 1.18,
    "sector_outlook": "Conservative lending climate with tighter approval requirements.",
    "threshold_delta": -0.06
  },
  "market_visible": true,
  "current_policy": {
    "max_dti": 0.542,
    "required_fields": [
      "payment_reliability",
      "debt_burden_score",
      "overdraft_risk"
    ]
  },
  "conversation": [
    {
      "role": "system",
      "content": "Episode 7ba7f394-0218-46e6-9e73-1b70d5694e3e started for task 'risk_tiering' with difficulty 'medium'. Investigate the applicant within 8 steps.",
      "step": 0
    },
    {
      "role": "applicant",
      "content": "Submitting application AC9FD23D with partially observed profile data. Declared quality: observed_with_noise.",
      "step": 0
    },
    {
      "role": "assistant",
      "content": "Please provide the field 'debt_burden_score'.",
      "step": 1
    },
    {
      "role": "applicant",
      "content": "debt_burden_score provided as 0.336205 with self-reported confidence 0.94.",
      "step": 1
    },
    {
      "role": "assistant",
      "content": "Please provide the field 'overdraft_risk'.",
      "step": 2
    },
    {
      "role": "applicant",
      "content": "overdraft_risk provided as 0.000000 with self-reported confidence 0.83.",
      "step": 2
    },
    {
      "role": "assistant",
      "content": "Please provide the field 'total_delinquency_score'.",
      "step": 3
    },
    {
      "role": "applicant",
      "content": "total_delinquency_score provided as 0.000000 with self-reported confidence 0.79.",
      "step": 3
    },
    {
      "role": "assistant",
      "content": "Please provide the field 'medical_stress_score'.",
      "step": 4
    },
    {
      "role": "applicant",
      "content": "medical_stress_score provided as 0.416323 with self-reported confidence 0.85.",
      "step": 4
    },
    {
      "role": "assistant",
      "content": "Please provide the field 'account_maturity'.",