{
  "session_id": "172a3a65-c228-4d40-9b7b-6785070a8b45",
  "episode_count": 1,
  "auditor_compliance_log": [
    0.1061
  ],
  "episode_id": "770c42bb-cc74-41bc-9cd1-30f0a98c7429",
  "task": "adaptive_inquiry",
  "difficulty": "hard",
  "steps_taken": 7,
  "cumulative_reward": 0.3461,
  "applicant": {
    "applicant_id": "7DD66866",
    "features": {
      "revolving_utilization": 0.898255516,
      "delinquency_30_59": 0.0,
      "delinquency_60_89": 0.0,
      "delinquency_90plus": 0.0,
      "total_delinquency_score": 0.0,
      "debt_burden_score": 0.4102016176751404,
      "real_estate_exposure": 0.2,
      "medical_stress_score": 0.5420997351154213,
      "income_capacity_score": 0.711200199709023,
      "net_worth_score": 0.8594682269326721,
      "asset_ownership_score": 0.0,
      "payment_reliability": 0.7689614473144444,
      "transaction_health": 0.5861281933866723,
      "overdraft_risk": 0.1,
      "employment_stability": 0.5698232478973163,
      "account_maturity": 0.9285218755103752,
      "business_health_score": 0.38142857142857145,
      "age_years": 0.4666666666666667,
      "open_credit_lines": 0.6666666666666666,
      "location_risk_index": 0.6
    },
    "presented_features": {
      "revolving_utilization": 0.898255516,
      "delinquency_30_59": 0.0,
      "delinquency_60_89": 0.0,
      "delinquency_90plus": 0.0,
      "total_delinquency_score": 0.0,
      "debt_burden_score": 0.4102016176751404,
      "real_estate_exposure": 0.2,
      "medical_stress_score": 0.5006889846919005,
      "income_capacity_score": 0.8163556545632664,
      "net_worth_score": 0.9790348610997731,
      "asset_ownership_score": 0.0,
      "payment_reliability": 0.9035872192146296,
      "transaction_health": 0.5861281933866723,
      "overdraft_risk": 0.1,
      "employment_stability": 0.5698232478973163,
      "account_maturity": 0.9285218755103752,
      "business_health_score": 0.38142857142857145,
      "age_years": 0.4666666666666667,
      "open_credit_lines": 0.6666666666666666,
      "location_risk_index": 0.6
    },
    "field_confidence": {
      "revolving_utilization": 0.965,
      "delinquency_30_59": 0.969,
      "delinquency_60_89": 0.86,
      "delinquency_90plus": 0.731,
      "total_delinquency_score": 0.419,
      "debt_burden_score": 0.74,
      "real_estate_exposure": 0.542,
      "medical_stress_score": 0.411,
      "income_capacity_score": 0.506,
      "net_worth_score": 0.645,
      "asset_ownership_score": 0.89,
      "payment_reliability": 0.383,
      "transaction_health": 0.829,
      "overdraft_risk": 0.44,
      "employment_stability": 0.743,
      "account_maturity": 0.926,
      "business_health_score": 0.932,
      "age_years": 0.897,
      "open_credit_lines": 0.772,
      "location_risk_index": 0.775
    },
    "uncertainty_flags": {
      "revolving_utilization": 0.035,
      "delinquency_30_59": 0.031,
      "delinquency_60_89": 0.14,
      "delinquency_90plus": 0.269,
      "total_delinquency_score": 0.581,
      "debt_burden_score": 0.26,
      "real_estate_exposure": 0.458,
      "medical_stress_score": 0.589,
      "income_capacity_score": 0.494,
      "net_worth_score": 0.355,
      "asset_ownership_score": 0.11,
      "payment_reliability": 0.617,
      "transaction_health": 0.171,
      "overdraft_risk": 0.56,
      "employment_stability": 0.257,
      "account_maturity": 0.074,
      "business_health_score": 0.068,
      "age_years": 0.103,
      "open_credit_lines": 0.228,
      "location_risk_index": 0.225
    },
    "hidden_fields": [
      "account_maturity",
      "age_years",
      "business_health_score",
      "medical_stress_score",
      "overdraft_risk",
      "real_estate_exposure",
      "revolving_utilization",
      "total_delinquency_score"
    ],
    "visible_fields": [
      "employment_stability",
      "income_capacity_score",
      "location_risk_index",
      "payment_reliability",
      "transaction_health"
    ],
    "data_quality": "adversarial",
    "applicant_behavior": "adversarial",
    "is_adversarial": true,
    "fabricated_fields": [
      "income_capacity_score",
      "net_worth_score",
      "payment_reliability"
    ],
    "withheld_fields": [
      "medical_stress_score",
      "overdraft_risk",
      "real_estate_exposure",
      "total_delinquency_score"
    ],
    "raw_row": {
      "revolvingutilizationofunsecuredlines": 0.898255516,
      "numberoftime30-59dayspastduenotworse": 0.0,
      "numberoftimes90dayslate": 0.0,
      "numberoftime60-89dayspastduenotworse": 0.0,
      "numberrealestateloansorlines": 2.0,
      "numberofdependents": 0.0,
      "numberofopencreditlinesandloans": 20.0,
      "age": 42.0,
      "marital_status": 0.0,
      "employment_type": 1.0,
      "years_at_address": 13.0,
      "months_employed": 22.0,
      "monthlyincome": 10053.0,
      "monthly_revenue": 146627.0,
      "profit_margin": 6.0,
      "business_age": 6.0,
      "business_type_risk": 0.4,
      "business_type_encoded": 3.0,
      "debtratio": 0.682315496,
      "medical_debt": 3482.0,
      "current_medical_condition": 0.0,
      "emi_payment_ratio": 0.646958485,
      "rent_payment_regular": 1.0,
      "utility_payment_ratio": 0.816707289,
      "fd_amount": 401921.0,
      "gold_value_estimate": 75329.0,
      "property_owned": 0.0,
      "vehicle_owned": 0.0,
      "emergency_savings_months": 7.0,
      "bank_account_age_months": 179.0,
      "avg_monthly_balance": 42897.0,
      "negative_balance_days": 5.0,
      "overdraft_count": 2.0,
      "salary_credit_consistency": 0.836815185,
      "income_variability_score": 0.303813008,
      "monthly_upi_spend": 13432.0,
      "active_txn_days": 5.0,
      "failed_txn_ratio": 0.037780847,
      "late_night_txn_ratio": 0.174537293,
      "gov_scheme_enrollment": 0.0,
      "location_risk_index": 0.6,
      "target": 0.0
    },
    "source": "dataset_sample"
  },
  "ground_truth": {
    "tier": "high_risk",
    "decision": "deny",
    "default_prob": 0.710614,
    "confidence": 0.583377,
    "market_condition": "Recession",
    "thresholds": {
      "low_risk": 0.1592,
      "medium_risk": 0.3054
    },
    "market_summary": "Conservative lending climate with tighter approval requirements."
  },
  "market_state": {
    "name": "Recession",
    "base_rate": 13.1,
    "default_risk_index": 1.18,
    "sector_outlook": "Conservative lending climate with tighter approval requirements.",
    "threshold_delta": -0.06
  },
  "market_visible": true,
  "current_policy": {
    "max_dti": 0.519,
    "required_fields": [
      "payment_reliability",
      "debt_burden_score",
      "overdraft_risk",
      "total_delinquency_score"
    ]
  },
  "conversation": [
    {
      "role": "system",
      "content": "Episode 770c42bb-cc74-41bc-9cd1-30f0a98c7429 started for task 'adaptive_inquiry' with difficulty 'hard'. Investigate the applicant within 8 steps.",
      "step": 0
    },
    {
      "role": "applicant",
      "content": "Submitting application 7DD66866 with partially observed profile data. Declared quality: adversarial.",
      "step": 0
    },
    {
      "role": "assistant",
      "content": "Please provide the field 'debt_burden_score'.",
      "step": 1
    },
    {
      "role": "applicant",
      "content": "debt_burden_score provided as 0.410202 with self-reported confidence 0.74.",
      "step": 1
    },
    {
      "role": "assistant",
      "content": "Please provide the field 'overdraft_risk'.",
      "step": 2
    },
    {
      "role": "applicant",
      "content": "overdraft_risk provided as 0.100000 with self-reported confidence 0.44.",
      "step": 2
    },
    {
      "role": "assistant",
      "content": "Please provide the field 'total_delinquency_score'.",
      "step": 3
    },
    {
      "role": "applicant",
      "content": "total_delinquency_score provided as 0.000000 with self-reported confidence 0.42.",
      "step": 3
    },
    {
      "role": "assistant",