{
  "session_id": "1eab86c4-7c8e-47c0-8866-5acf0456a470",
  "episode_count": 1,
  "auditor_compliance_log": [
    0.9571
  ],
  "episode_id": "8357ea18-9316-4f1b-a63c-be3122f34892",
  "task": "risk_tiering",
  "difficulty": "medium",
  "steps_taken": 3,
  "cumulative_reward": 1.0371,
  "applicant": {
    "applicant_id": "9D4A6B3C",
    "features": {
      "revolving_utilization": 0.055822533,
      "delinquency_30_59": 0.0,
      "delinquency_60_89": 0.0,
      "delinquency_90plus": 0.0,
      "total_delinquency_score": 0.0,
      "debt_burden_score": 0.5103511099080967,
      "real_estate_exposure": 0.1,
      "medical_stress_score": 0.36373762337429033,
      "income_capacity_score": 0.6587584978175386,
      "net_worth_score": 0.7097894722988977,
      "asset_ownership_score": 0.6,
      "payment_reliability": 0.9218295630577777,
      "transaction_health": 0.7556846751173154,
      "overdraft_risk": 0.15,
      "employment_stability": 0.6381816097524208,
      "account_maturity": 0.5187412420598949,
      "business_health_score": 0.8092857142857143,
      "age_years": 0.4111111111111111,
      "open_credit_lines": 0.1,
      "location_risk_index": 0.5
    },
    "presented_features": {
      "revolving_utilization": 0.055822533,
      "delinquency_30_59": 0.0,
      "delinquency_60_89": 0.0,
      "delinquency_90plus": 0.0,
      "total_delinquency_score": 0.0,
      "debt_burden_score": 0.5103511099080967,
      "real_estate_exposure": 0.1,
      "medical_stress_score": 0.36373762337429033,
      "income_capacity_score": 0.6301694898764995,
      "net_worth_score": 0.7097894722988977,
      "asset_ownership_score": 0.6,
      "payment_reliability": 0.9218295630577777,
      "transaction_health": 0.7556846751173154,
      "overdraft_risk": 0.15,
      "employment_stability": 0.6334219941051558,
      "account_maturity": 0.5187412420598949,
      "business_health_score": 0.8092857142857143,
      "age_years": 0.4111111111111111,
      "open_credit_lines": 0.1,
      "location_risk_index": 0.5
    },
    "field_confidence": {
      "revolving_utilization": 0.769,
      "delinquency_30_59": 0.936,
      "delinquency_60_89": 0.952,
      "delinquency_90plus": 0.876,
      "total_delinquency_score": 0.821,
      "debt_burden_score": 0.878,
      "real_estate_exposure": 0.946,
      "medical_stress_score": 0.919,
      "income_capacity_score": 0.914,
      "net_worth_score": 0.924,
      "asset_ownership_score": 0.942,
      "payment_reliability": 0.937,
      "transaction_health": 0.833,
      "overdraft_risk": 0.726,
      "employment_stability": 0.794,
      "account_maturity": 0.819,
      "business_health_score": 0.868,
      "age_years": 0.915,
      "open_credit_lines": 0.879,
      "location_risk_index": 0.803
    },
    "uncertainty_flags": {
      "revolving_utilization": 0.231,
      "delinquency_30_59": 0.064,
      "delinquency_60_89": 0.048,
      "delinquency_90plus": 0.124,
      "total_delinquency_score": 0.179,
      "debt_burden_score": 0.122,
      "real_estate_exposure": 0.054,
      "medical_stress_score": 0.081,
      "income_capacity_score": 0.086,
      "net_worth_score": 0.076,
      "asset_ownership_score": 0.058,
      "payment_reliability": 0.063,
      "transaction_health": 0.167,
      "overdraft_risk": 0.274,
      "employment_stability": 0.206,
      "account_maturity": 0.181,
      "business_health_score": 0.132,
      "age_years": 0.085,
      "open_credit_lines": 0.121,
      "location_risk_index": 0.197
    },
    "hidden_fields": [
      "debt_burden_score",
      "delinquency_30_59",
      "delinquency_90plus",
      "overdraft_risk",
      "revolving_utilization",
      "transaction_health"
    ],
    "visible_fields": [
      "account_maturity",
      "employment_stability",
      "income_capacity_score",
      "location_risk_index",
      "payment_reliability"
    ],
    "data_quality": "observed_with_noise",
    "applicant_behavior": "honest",
    "is_adversarial": false,
    "fabricated_fields": [],
    "withheld_fields": [],
    "raw_row": {
      "revolvingutilizationofunsecuredlines": 0.055822533,
      "numberoftime30-59dayspastduenotworse": 0.0,
      "numberoftimes90dayslate": 0.0,
      "numberoftime60-89dayspastduenotworse": 0.0,
      "numberrealestateloansorlines": 1.0,
      "numberofdependents": 0.0,
      "numberofopencreditlinesandloans": 3.0,
      "age": 37.0,
      "marital_status": 1.0,
      "employment_type": 1.0,
      "years_at_address": 6.0,
      "months_employed": 182.0,
      "monthlyincome": 5400.0,
      "monthly_revenue": 140477.0,
      "profit_margin": 30.0,
      "business_age": 11.0,
      "business_type_risk": 0.3,
      "business_type_encoded": 5.0,
      "debtratio": 1.908023685,
      "medical_debt": 237.0,
      "current_medical_condition": 0.0,
      "emi_payment_ratio": 0.98217431,
      "rent_payment_regular": 1.0,
      "utility_payment_ratio": 0.820364412,
      "fd_amount": 307652.0,
      "gold_value_estimate": 192562.0,
      "property_owned": 1.0,
      "vehicle_owned": 0.0,
      "emergency_savings_months": 1.0,
      "bank_account_age_months": 54.0,
      "avg_monthly_balance": 30980.0,
      "negative_balance_days": 2.0,
      "overdraft_count": 3.0,
      "salary_credit_consistency": 0.994573511,
      "income_variability_score": 0.367687145,
      "monthly_upi_spend": 14183.0,
      "active_txn_days": 17.0,
      "failed_txn_ratio": 0.11527733,
      "late_night_txn_ratio": 0.024743662,
      "gov_scheme_enrollment": 2.0,
      "location_risk_index": 0.5,
      "target": 0.0
    },
    "source": "dataset_sample"
  },
  "ground_truth": {
    "tier": "low_risk",
    "decision": "approve",
    "default_prob": 0.233429,
    "confidence": 0.438062,
    "market_condition": "Economic Boom",
    "thresholds": {
      "low_risk": 0.2692,
      "medium_risk": 0.4154
    },
    "market_summary": "Growth is strong and lenders tolerate slightly more risk."
  },
  "market_state": {
    "name": "Economic Boom",
    "base_rate": 7.9,
    "default_risk_index": 0.92,
    "sector_outlook": "Growth is strong and lenders tolerate slightly more risk.",
    "threshold_delta": 0.05
  },
  "market_visible": true,
  "current_policy": {
    "max_dti": 0.57,
    "required_fields": [
      "payment_reliability",
      "debt_burden_score",
      "overdraft_risk"
    ]
  },
  "conversation": [
    {
      "role": "system",
      "content": "Episode 8357ea18-9316-4f1b-a63c-be3122f34892 started for task 'risk_tiering' with difficulty 'medium'. Investigate the applicant within 8 steps.",
      "step": 0
    },
    {
      "role": "applicant",
      "content": "Submitting application 9D4A6B3C with partially observed profile data. Declared quality: observed_with_noise.",
      "step": 0
    },
    {
      "role": "assistant",
      "content": "Please provide the field 'revolving_utilization'.",
      "step": 1
    },
    {
      "role": "applicant",
      "content": "revolving_utilization provided as 0.055823 with self-reported confidence 0.77.",
      "step": 1
    },
    {
      "role": "assistant",
      "content": "Requesting current lending market conditions.",
      "step": 2
    },
    {
      "role": "system",
      "content": "Market revealed: Economic Boom with base rate 7.9 and outlook 'Growth is strong and lenders tolerate slightly more risk.'.",
      "step": 2
    },
    {
      "role": "assistant",
      "content": "Final action: approve. Reasoning: Approving after reviewing applicant and market data.",
      "step": 3
    },
    {
      "role": "system",
      "content": "Episode resolved with oracle_decision=approve and oracle_score=0.7666.",
      "step": 3
    }
  ],
  "fraud_flags": [],
  "requested_fields": [
    "revolving_utilization"
  ],
  "revealed_fields": {
    "account_maturity": {
      "value": 0.518741,
      "confidence": 0.819,
      "source": "initial"
    },
    "employment_stability": {
      "value": 0.633422,
      "confidence": 0.794,