{
  "session_id": "2c56cc2f-0841-4523-a7c7-646a4c547a32",
  "episode_count": 1,
  "auditor_compliance_log": [
    0.787
  ],
  "episode_id": "283ffac0-ad6e-4bec-b87d-7ad2ee54fe72",
  "task": "binary_decision",
  "difficulty": "easy",
  "steps_taken": 7,
  "cumulative_reward": 0.9970000000000001,
  "applicant": {
    "applicant_id": "2AA3E34A",
    "features": {
      "revolving_utilization": 0.821230006,
      "delinquency_30_59": 0.0,
      "delinquency_60_89": 0.0,
      "delinquency_90plus": 0.0,
      "total_delinquency_score": 0.0,
      "debt_burden_score": 0.4004765975596394,
      "real_estate_exposure": 0.0,
      "medical_stress_score": 0.5247787992289181,
      "income_capacity_score": 0.7278155940667044,
      "net_worth_score": 0.8244701790414504,
      "asset_ownership_score": 0.4,
      "payment_reliability": 0.8584426023488889,
      "transaction_health": 0.7202161125507234,
      "overdraft_risk": 0.0,
      "employment_stability": 0.644296775167451,
      "account_maturity": 0.8887594956912261,
      "business_health_score": 0.34178571428571425,
      "age_years": 0.5666666666666667,
      "open_credit_lines": 0.03333333333333333,
      "location_risk_index": 0.375
    },
    "presented_features": {
      "revolving_utilization": 0.821230006,
      "delinquency_30_59": 0.0,
      "delinquency_60_89": 0.0,
      "delinquency_90plus": 0.0,
      "total_delinquency_score": 0.0,
      "debt_burden_score": 0.4004765975596394,
      "real_estate_exposure": 0.0,
      "medical_stress_score": 0.5247787992289181,
      "income_capacity_score": 0.7278155940667044,
      "net_worth_score": 0.8244701790414504,
      "asset_ownership_score": 0.4,
      "payment_reliability": 0.8584426023488889,
      "transaction_health": 0.7202161125507234,
      "overdraft_risk": 0.0,
      "employment_stability": 0.644296775167451,
      "account_maturity": 0.8887594956912261,
      "business_health_score": 0.36861594679603893,
      "age_years": 0.5666666666666667,
      "open_credit_lines": 0.03333333333333333,
      "location_risk_index": 0.375
    },
    "field_confidence": {
      "revolving_utilization": 0.883,
      "delinquency_30_59": 0.796,
      "delinquency_60_89": 0.812,
      "delinquency_90plus": 0.832,
      "total_delinquency_score": 0.893,
      "debt_burden_score": 0.748,
      "real_estate_exposure": 0.76,
      "medical_stress_score": 0.862,
      "income_capacity_score": 0.898,
      "net_worth_score": 0.844,
      "asset_ownership_score": 0.826,
      "payment_reliability": 0.838,
      "transaction_health": 0.77,
      "overdraft_risk": 0.964,
      "employment_stability": 0.838,
      "account_maturity": 0.79,
      "business_health_score": 0.969,
      "age_years": 0.917,
      "open_credit_lines": 0.727,
      "location_risk_index": 0.923
    },
    "uncertainty_flags": {
      "revolving_utilization": 0.117,
      "delinquency_30_59": 0.204,
      "delinquency_60_89": 0.188,
      "delinquency_90plus": 0.168,
      "total_delinquency_score": 0.107,
      "debt_burden_score": 0.252,
      "real_estate_exposure": 0.24,
      "medical_stress_score": 0.138,
      "income_capacity_score": 0.102,
      "net_worth_score": 0.156,
      "asset_ownership_score": 0.174,
      "payment_reliability": 0.162,
      "transaction_health": 0.23,
      "overdraft_risk": 0.036,
      "employment_stability": 0.162,
      "account_maturity": 0.21,
      "business_health_score": 0.031,
      "age_years": 0.083,
      "open_credit_lines": 0.273,
      "location_risk_index": 0.077
    },
    "hidden_fields": [
      "business_health_score",
      "delinquency_90plus",
      "employment_stability",
      "revolving_utilization"
    ],
    "visible_fields": [
      "account_maturity",
      "income_capacity_score",
      "location_risk_index",
      "payment_reliability",
      "transaction_health"
    ],
    "data_quality": "observed_with_noise",
    "applicant_behavior": "honest",
    "is_adversarial": false,
    "fabricated_fields": [],
    "withheld_fields": [],
    "raw_row": {
      "revolvingutilizationofunsecuredlines": 0.821230006,
      "numberoftime30-59dayspastduenotworse": 0.0,
      "numberoftimes90dayslate": 0.0,
      "numberoftime60-89dayspastduenotworse": 0.0,
      "numberrealestateloansorlines": 0.0,
      "numberofdependents": 0.0,
      "numberofopencreditlinesandloans": 1.0,
      "age": 51.0,
      "marital_status": 1.0,
      "employment_type": 1.0,
      "years_at_address": 15.0,
      "months_employed": 26.0,
      "monthlyincome": 12645.5,
      "monthly_revenue": 150612.0,
      "profit_margin": 8.0,
      "business_age": 4.0,
      "business_type_risk": 0.35,
      "business_type_encoded": 4.0,
      "debtratio": 0.018599845,
      "medical_debt": 2683.0,
      "current_medical_condition": 0.0,
      "emi_payment_ratio": 0.896993368,
      "rent_payment_regular": 1.0,
      "utility_payment_ratio": 0.646944674,
      "fd_amount": 80078.0,
      "gold_value_estimate": 169872.0,
      "property_owned": 0.0,
      "vehicle_owned": 1.0,
      "emergency_savings_months": 7.0,
      "bank_account_age_months": 137.0,
      "avg_monthly_balance": 13999.0,
      "negative_balance_days": 1.0,
      "overdraft_count": 0.0,
      "salary_credit_consistency": 0.973458467,
      "income_variability_score": 0.025821692,
      "monthly_upi_spend": 19908.0,
      "active_txn_days": 17.0,
      "failed_txn_ratio": 0.168351078,
      "late_night_txn_ratio": 0.247898357,
      "gov_scheme_enrollment": 0.0,
      "location_risk_index": 0.375,
      "target": 1.0
    },
    "source": "dataset_sample"
  },
  "ground_truth": {
    "tier": "low_risk",
    "decision": "approve",
    "default_prob": 0.097953,
    "confidence": 0.764196,
    "market_condition": "Economic Boom",
    "thresholds": {
      "low_risk": 0.2692,
      "medium_risk": 0.4154
    },
    "market_summary": "Growth is strong and lenders tolerate slightly more risk."
  },
  "market_state": {
    "name": "Economic Boom",
    "base_rate": 7.9,
    "default_risk_index": 0.92,
    "sector_outlook": "Growth is strong and lenders tolerate slightly more risk.",
    "threshold_delta": 0.05
  },
  "market_visible": true,
  "current_policy": {
    "max_dti": 0.597,
    "required_fields": [
      "payment_reliability",
      "debt_burden_score"
    ]
  },
  "conversation": [
    {
      "role": "system",
      "content": "Episode 283ffac0-ad6e-4bec-b87d-7ad2ee54fe72 started for task 'binary_decision' with difficulty 'easy'. Investigate the applicant within 8 steps.",
      "step": 0
    },
    {
      "role": "applicant",
      "content": "Submitting application 2AA3E34A with partially observed profile data. Declared quality: observed_with_noise.",
      "step": 0
    },
    {
      "role": "assistant",
      "content": "Please provide the field 'debt_burden_score'.",
      "step": 1
    },
    {
      "role": "applicant",
      "content": "debt_burden_score provided as 0.400477 with self-reported confidence 0.75.",
      "step": 1
    },
    {
      "role": "assistant",
      "content": "Please provide the field 'total_delinquency_score'.",
      "step": 2
    },
    {
      "role": "applicant",
      "content": "total_delinquency_score provided as 0.000000 with self-reported confidence 0.89.",
      "step": 2
    },
    {
      "role": "assistant",
      "content": "Please provide the field 'overdraft_risk'.",
      "step": 3
    },
    {
      "role": "applicant",
      "content": "overdraft_risk provided as 0.000000 with self-reported confidence 0.96.",
      "step": 3
    },
    {
      "role": "assistant",
      "content": "Please provide the field 'medical_stress_score'.",
      "step": 4
    },
    {
      "role": "applicant",
      "content": "medical_stress_score provided as 0.524779 with self-reported confidence 0.86.",
      "step": 4
    },
    {
      "role": "assistant",
      "content": "Please provide the field 'employment_stability'.",