{
  "session_id": "2e98eb3d-1b01-4d05-b683-5bf2a7c7f70b",
  "episode_count": 1,
  "auditor_compliance_log": [
    -0.96
  ],
  "episode_id": "d852bc1e-fe38-4b20-b213-2a31642a63a7",
  "task": "binary_decision",
  "difficulty": "easy",
  "steps_taken": 8,
  "cumulative_reward": -5.93,
  "applicant": {
    "applicant_id": "ED4C2011",
    "features": {
      "revolving_utilization": 0.0,
      "delinquency_30_59": 0.0,
      "delinquency_60_89": 0.0,
      "delinquency_90plus": 0.0,
      "total_delinquency_score": 0.0,
      "debt_burden_score": 0.4150732912733348,
      "real_estate_exposure": 0.1,
      "medical_stress_score": 0.5299924108000044,
      "income_capacity_score": 0.7780823209454037,
      "net_worth_score": 0.8202935758890479,
      "asset_ownership_score": 0.0,
      "payment_reliability": 0.8367298518222224,
      "transaction_health": 0.6500985670489207,
      "overdraft_risk": 0.15,
      "employment_stability": 0.8110846645174912,
      "account_maturity": 0.8861342771921814,
      "business_health_score": 0.7503571428571428,
      "age_years": 0.6333333333333333,
      "open_credit_lines": 0.43333333333333335,
      "location_risk_index": 0.777777778
    },
    "presented_features": {
      "revolving_utilization": 0.0,
      "delinquency_30_59": 0.0,
      "delinquency_60_89": 0.0,
      "delinquency_90plus": 0.0,
      "total_delinquency_score": 0.0,
      "debt_burden_score": 0.4150732912733348,
      "real_estate_exposure": 0.1,
      "medical_stress_score": 0.5299924108000044,
      "income_capacity_score": 0.7780823209454037,
      "net_worth_score": 0.8202935758890479,
      "asset_ownership_score": 0.0,
      "payment_reliability": 0.8367298518222224,
      "transaction_health": 0.6500985670489207,
      "overdraft_risk": 0.15,
      "employment_stability": 0.8309083321861381,
      "account_maturity": 0.8861342771921814,
      "business_health_score": 0.7503571428571428,
      "age_years": 0.6333333333333333,
      "open_credit_lines": 0.43333333333333335,
      "location_risk_index": 0.7872186578791033
    },
    "field_confidence": {
      "revolving_utilization": 0.779,
      "delinquency_30_59": 0.962,
      "delinquency_60_89": 0.912,
      "delinquency_90plus": 0.798,
      "total_delinquency_score": 0.845,
      "debt_burden_score": 0.945,
      "real_estate_exposure": 0.81,
      "medical_stress_score": 0.924,
      "income_capacity_score": 0.909,
      "net_worth_score": 0.737,
      "asset_ownership_score": 0.879,
      "payment_reliability": 0.974,
      "transaction_health": 0.825,
      "overdraft_risk": 0.918,
      "employment_stability": 0.908,
      "account_maturity": 0.842,
      "business_health_score": 0.835,
      "age_years": 0.774,
      "open_credit_lines": 0.725,
      "location_risk_index": 0.853
    },
    "uncertainty_flags": {
      "revolving_utilization": 0.221,
      "delinquency_30_59": 0.038,
      "delinquency_60_89": 0.088,
      "delinquency_90plus": 0.202,
      "total_delinquency_score": 0.155,
      "debt_burden_score": 0.055,
      "real_estate_exposure": 0.19,
      "medical_stress_score": 0.076,
      "income_capacity_score": 0.091,
      "net_worth_score": 0.263,
      "asset_ownership_score": 0.121,
      "payment_reliability": 0.026,
      "transaction_health": 0.175,
      "overdraft_risk": 0.082,
      "employment_stability": 0.092,
      "account_maturity": 0.158,
      "business_health_score": 0.165,
      "age_years": 0.226,
      "open_credit_lines": 0.275,
      "location_risk_index": 0.147
    },
    "hidden_fields": [
      "asset_ownership_score",
      "debt_burden_score",
      "overdraft_risk",
      "transaction_health"
    ],
    "visible_fields": [
      "account_maturity",
      "employment_stability",
      "income_capacity_score",
      "location_risk_index",
      "payment_reliability"
    ],
    "data_quality": "observed_with_noise",
    "applicant_behavior": "honest",
    "is_adversarial": false,
    "fabricated_fields": [],
    "withheld_fields": [],
    "raw_row": {
      "revolvingutilizationofunsecuredlines": 0.0,
      "numberoftime30-59dayspastduenotworse": 0.0,
      "numberoftimes90dayslate": 0.0,
      "numberoftime60-89dayspastduenotworse": 0.0,
      "numberrealestateloansorlines": 1.0,
      "numberofdependents": 1.0,
      "numberofopencreditlinesandloans": 13.0,
      "age": 57.0,
      "marital_status": 0.0,
      "employment_type": 2.0,
      "years_at_address": 15.0,
      "months_employed": 57.0,
      "monthlyincome": 10000.0,
      "monthly_revenue": 318616.0,
      "profit_margin": 5.0,
      "business_age": 12.0,
      "business_type_risk": 0.55,
      "business_type_encoded": 6.0,
      "debtratio": 0.212378762,
      "medical_debt": 2902.0,
      "current_medical_condition": 0.0,
      "emi_payment_ratio": 0.854170564,
      "rent_payment_regular": 1.0,
      "utility_payment_ratio": 0.847033452,
      "fd_amount": 287992.0,
      "gold_value_estimate": 73688.0,
      "property_owned": 0.0,
      "vehicle_owned": 0.0,
      "emergency_savings_months": 6.0,
      "bank_account_age_months": 108.0,
      "avg_monthly_balance": 38733.0,
      "negative_balance_days": 7.0,
      "overdraft_count": 3.0,
      "salary_credit_consistency": 0.971798282,
      "income_variability_score": 0.286557068,
      "monthly_upi_spend": 5946.0,
      "active_txn_days": 15.0,
      "failed_txn_ratio": 0.144929241,
      "late_night_txn_ratio": 0.126402864,
      "gov_scheme_enrollment": 2.0,
      "location_risk_index": 0.777777778,
      "target": 1.0
    },
    "source": "dataset_sample"
  },
  "ground_truth": {
    "tier": "low_risk",
    "decision": "approve",
    "default_prob": 0.103484,
    "confidence": 0.691462,
    "market_condition": "High Inflation",
    "thresholds": {
      "low_risk": 0.1892,
      "medium_risk": 0.3354
    },
    "market_summary": "Household cash flow is strained and missed payments rise."
  },
  "market_state": {
    "name": "High Inflation",
    "base_rate": 11.1,
    "default_risk_index": 1.08,
    "sector_outlook": "Household cash flow is strained and missed payments rise.",
    "threshold_delta": -0.03
  },
  "market_visible": true,
  "current_policy": {
    "max_dti": 0.612,
    "required_fields": [
      "payment_reliability",
      "debt_burden_score"
    ]
  },
  "conversation": [
    {
      "role": "system",
      "content": "Episode d852bc1e-fe38-4b20-b213-2a31642a63a7 started for task 'binary_decision' with difficulty 'easy'. Investigate the applicant within 8 steps.",
      "step": 0
    },
    {
      "role": "applicant",
      "content": "Submitting application ED4C2011 with partially observed profile data. Declared quality: observed_with_noise.",
      "step": 0
    },
    {
      "role": "assistant",
      "content": "Please provide the field 'revolving_utilization'.",
      "step": 1
    },
    {
      "role": "applicant",
      "content": "revolving_utilization provided as 0.000000 with self-reported confidence 0.78.",
      "step": 1
    },
    {
      "role": "assistant",
      "content": "Requesting current lending market conditions.",
      "step": 8
    },
    {
      "role": "system",
      "content": "Market revealed: High Inflation with base rate 11.1 and outlook 'Household cash flow is strained and missed payments rise.'.",
      "step": 8
    }
  ],
  "fraud_flags": [],
  "requested_fields": [
    "revolving_utilization"
  ],
  "revealed_fields": {
    "account_maturity": {
      "value": 0.886134,
      "confidence": 0.842,
      "source": "initial"
    },
    "employment_stability": {
      "value": 0.830908,
      "confidence": 0.908,
      "source": "initial"
    },
    "income_capacity_score": {
      "value": 0.778082,
      "confidence": 0.909,
      "source": "initial"
    },
    "location_risk_index": {
      "value": 0.787219,
      "confidence": 0.853,
      "source": "initial"
    },
    "payment_reliability": {
      "value": 0.83673,
      "confidence": 0.974,