{
  "session_id": "4098ee2c-d7ca-4b37-9411-ffec66382bdd",
  "episode_count": 1,
  "auditor_compliance_log": [
    0.2762
  ],
  "episode_id": "bee067ce-2f68-418c-9971-8c3d6d3c44c7",
  "task": "risk_tiering",
  "difficulty": "medium",
  "steps_taken": 3,
  "cumulative_reward": 0.3562,
  "applicant": {
    "applicant_id": "2C18F919",
    "features": {
      "revolving_utilization": 1.0,
      "delinquency_30_59": 0.0,
      "delinquency_60_89": 0.0,
      "delinquency_90plus": 0.0,
      "total_delinquency_score": 0.0,
      "debt_burden_score": 0.37412594091713597,
      "real_estate_exposure": 0.0,
      "medical_stress_score": 0.5623570247014078,
      "income_capacity_score": 0.6433901821517795,
      "net_worth_score": 0.767362459037386,
      "asset_ownership_score": 0.4,
      "payment_reliability": 0.7081088065300001,
      "transaction_health": 0.6700719031591724,
      "overdraft_risk": 0.1,
      "employment_stability": 0.7468567839540667,
      "account_maturity": 0.850407618366664,
      "business_health_score": 0.7346428571428572,
      "age_years": 0.5666666666666667,
      "open_credit_lines": 0.03333333333333333,
      "location_risk_index": 0.428571429
    },
    "presented_features": {
      "revolving_utilization": 1.0,
      "delinquency_30_59": 0.0,
      "delinquency_60_89": 0.0,
      "delinquency_90plus": 0.0,
      "total_delinquency_score": 0.0,
      "debt_burden_score": 0.37412594091713597,
      "real_estate_exposure": 0.0,
      "medical_stress_score": 0.5623570247014078,
      "income_capacity_score": 0.7807319658065918,
      "net_worth_score": 0.8861942071031892,
      "asset_ownership_score": 0.40359335449253875,
      "payment_reliability": 0.7645082164257876,
      "transaction_health": 0.6700719031591724,
      "overdraft_risk": 0.1,
      "employment_stability": 0.7468567839540667,
      "account_maturity": 0.850407618366664,
      "business_health_score": 0.7346428571428572,
      "age_years": 0.5666666666666667,
      "open_credit_lines": 0.03333333333333333,
      "location_risk_index": 0.428571429
    },
    "field_confidence": {
      "revolving_utilization": 0.919,
      "delinquency_30_59": 0.869,
      "delinquency_60_89": 0.763,
      "delinquency_90plus": 0.887,
      "total_delinquency_score": 0.819,
      "debt_burden_score": 0.797,
      "real_estate_exposure": 0.745,
      "medical_stress_score": 0.386,
      "income_capacity_score": 0.648,
      "net_worth_score": 0.521,
      "asset_ownership_score": 0.796,
      "payment_reliability": 0.522,
      "transaction_health": 0.869,
      "overdraft_risk": 0.598,
      "employment_stability": 0.831,
      "account_maturity": 0.843,
      "business_health_score": 0.78,
      "age_years": 0.887,
      "open_credit_lines": 0.963,
      "location_risk_index": 0.797
    },
    "uncertainty_flags": {
      "revolving_utilization": 0.081,
      "delinquency_30_59": 0.131,
      "delinquency_60_89": 0.237,
      "delinquency_90plus": 0.113,
      "total_delinquency_score": 0.181,
      "debt_burden_score": 0.203,
      "real_estate_exposure": 0.255,
      "medical_stress_score": 0.614,
      "income_capacity_score": 0.352,
      "net_worth_score": 0.479,
      "asset_ownership_score": 0.204,
      "payment_reliability": 0.478,
      "transaction_health": 0.131,
      "overdraft_risk": 0.402,
      "employment_stability": 0.169,
      "account_maturity": 0.157,
      "business_health_score": 0.22,
      "age_years": 0.113,
      "open_credit_lines": 0.037,
      "location_risk_index": 0.203
    },
    "hidden_fields": [
      "asset_ownership_score",
      "location_risk_index",
      "medical_stress_score",
      "net_worth_score",
      "open_credit_lines",
      "overdraft_risk"
    ],
    "visible_fields": [
      "account_maturity",
      "employment_stability",
      "income_capacity_score",
      "payment_reliability",
      "transaction_health"
    ],
    "data_quality": "adversarial",
    "applicant_behavior": "adversarial",
    "is_adversarial": true,
    "fabricated_fields": [
      "income_capacity_score",
      "net_worth_score",
      "payment_reliability"
    ],
    "withheld_fields": [
      "medical_stress_score",
      "overdraft_risk"
    ],
    "raw_row": {
      "revolvingutilizationofunsecuredlines": 1.001996008,
      "numberoftime30-59dayspastduenotworse": 0.0,
      "numberoftimes90dayslate": 0.0,
      "numberoftime60-89dayspastduenotworse": 0.0,
      "numberrealestateloansorlines": 0.0,
      "numberofdependents": 0.0,
      "numberofopencreditlinesandloans": 1.0,
      "age": 51.0,
      "marital_status": 1.0,
      "employment_type": 1.0,
      "years_at_address": 12.0,
      "months_employed": 193.0,
      "monthlyincome": 2800.0,
      "monthly_revenue": 150246.0,
      "profit_margin": 24.0,
      "business_age": 9.0,
      "business_type_risk": 0.35,
      "business_type_encoded": 4.0,
      "debtratio": 0.00535523,
      "medical_debt": 4723.0,
      "current_medical_condition": 0.0,
      "emi_payment_ratio": 0.745194933,
      "rent_payment_regular": 1.0,
      "utility_payment_ratio": 0.88504311,
      "fd_amount": 342138.0,
      "gold_value_estimate": 187967.0,
      "property_owned": 0.0,
      "vehicle_owned": 1.0,
      "emergency_savings_months": 3.0,
      "bank_account_age_months": 108.0,
      "avg_monthly_balance": 35885.0,
      "negative_balance_days": 9.0,
      "overdraft_count": 2.0,
      "salary_credit_consistency": 0.563627284,
      "income_variability_score": 0.092688032,
      "monthly_upi_spend": 11615.0,
      "active_txn_days": 14.0,
      "failed_txn_ratio": 0.129311777,
      "late_night_txn_ratio": 0.190867592,
      "gov_scheme_enrollment": 1.0,
      "location_risk_index": 0.428571429,
      "target": 1.0
    },
    "source": "dataset_sample"
  },
  "ground_truth": {
    "tier": "high_risk",
    "decision": "deny",
    "default_prob": 1.0,
    "confidence": 1.0,
    "market_condition": "Recession",
    "thresholds": {
      "low_risk": 0.1592,
      "medium_risk": 0.3054
    },
    "market_summary": "Conservative lending climate with tighter approval requirements."
  },
  "market_state": {
    "name": "Recession",
    "base_rate": 13.1,
    "default_risk_index": 1.18,
    "sector_outlook": "Conservative lending climate with tighter approval requirements.",
    "threshold_delta": -0.06
  },
  "market_visible": true,
  "current_policy": {
    "max_dti": 0.573,
    "required_fields": [
      "payment_reliability",
      "debt_burden_score",
      "overdraft_risk"
    ]
  },
  "conversation": [
    {
      "role": "system",
      "content": "Episode bee067ce-2f68-418c-9971-8c3d6d3c44c7 started for task 'risk_tiering' with difficulty 'medium'. Investigate the applicant within 8 steps.",
      "step": 0
    },
    {
      "role": "applicant",
      "content": "Submitting application 2C18F919 with partially observed profile data. Declared quality: adversarial.",
      "step": 0
    },
    {
      "role": "assistant",
      "content": "Please provide the field 'revolving_utilization'.",
      "step": 1
    },
    {
      "role": "applicant",
      "content": "revolving_utilization provided as 1.000000 with self-reported confidence 0.92.",
      "step": 1
    },
    {
      "role": "assistant",
      "content": "Requesting current lending market conditions.",
      "step": 2
    },
    {
      "role": "system",
      "content": "Market revealed: Recession with base rate 13.1 and outlook 'Conservative lending climate with tighter approval requirements.'.",
      "step": 2
    },
    {
      "role": "assistant",
      "content": "Final action: approve. Reasoning: Approving after reviewing applicant and market data.",
      "step": 3
    },
    {
      "role": "system",
      "content": "Episode resolved with oracle_decision=deny and oracle_score=0.0000.",
      "step": 3
    }
  ],
  "fraud_flags": [],
  "requested_fields": [
    "revolving_utilization"
  ],