{
  "session_id": "5bb23561-42a9-4426-9ff1-678b60742004",
  "episode_count": 1,
  "auditor_compliance_log": [
    0.6471
  ],
  "episode_id": "8ab5c675-9b32-49aa-9084-b080ca5a7f6a",
  "task": "binary_decision",
  "difficulty": "easy",
  "steps_taken": 7,
  "cumulative_reward": 0.8571,
  "applicant": {
    "applicant_id": "30B62A85",
    "features": {
      "revolving_utilization": 0.011428245,
      "delinquency_30_59": 0.0,
      "delinquency_60_89": 0.0,
      "delinquency_90plus": 0.0,
      "total_delinquency_score": 0.0,
      "debt_burden_score": 0.3394120647833348,
      "real_estate_exposure": 0.0,
      "medical_stress_score": 0.5299924108000044,
      "income_capacity_score": 0.7964460766102912,
      "net_worth_score": 0.9843043246274332,
      "asset_ownership_score": 1.0,
      "payment_reliability": 0.67827133067,
      "transaction_health": 0.50343338099481,
      "overdraft_risk": 0.0,
      "employment_stability": 0.42224836229813223,
      "account_maturity": 0.7500085941494828,
      "business_health_score": 0.5982142857142857,
      "age_years": 0.8666666666666667,
      "open_credit_lines": 0.1,
      "location_risk_index": 0.5
    },
    "presented_features": {
      "revolving_utilization": 0.011428245,
      "delinquency_30_59": 0.0,
      "delinquency_60_89": 0.0,
      "delinquency_90plus": 0.0,
      "total_delinquency_score": 0.0,
      "debt_burden_score": 0.3394120647833348,
      "real_estate_exposure": 0.0,
      "medical_stress_score": 0.5299924108000044,
      "income_capacity_score": 0.7964460766102912,
      "net_worth_score": 0.9843043246274332,
      "asset_ownership_score": 1.0,
      "payment_reliability": 0.67827133067,
      "transaction_health": 0.50343338099481,
      "overdraft_risk": 0.0,
      "employment_stability": 0.42224836229813223,
      "account_maturity": 0.7500085941494828,
      "business_health_score": 0.5982142857142857,
      "age_years": 0.8666666666666667,
      "open_credit_lines": 0.1,
      "location_risk_index": 0.5
    },
    "field_confidence": {
      "revolving_utilization": 0.931,
      "delinquency_30_59": 0.788,
      "delinquency_60_89": 0.844,
      "delinquency_90plus": 0.833,
      "total_delinquency_score": 0.792,
      "debt_burden_score": 0.727,
      "real_estate_exposure": 0.847,
      "medical_stress_score": 0.921,
      "income_capacity_score": 0.882,
      "net_worth_score": 0.973,
      "asset_ownership_score": 0.918,
      "payment_reliability": 0.745,
      "transaction_health": 0.823,
      "overdraft_risk": 0.76,
      "employment_stability": 0.733,
      "account_maturity": 0.75,
      "business_health_score": 0.893,
      "age_years": 0.905,
      "open_credit_lines": 0.731,
      "location_risk_index": 0.826
    },
    "uncertainty_flags": {
      "revolving_utilization": 0.069,
      "delinquency_30_59": 0.212,
      "delinquency_60_89": 0.156,
      "delinquency_90plus": 0.167,
      "total_delinquency_score": 0.208,
      "debt_burden_score": 0.273,
      "real_estate_exposure": 0.153,
      "medical_stress_score": 0.079,
      "income_capacity_score": 0.118,
      "net_worth_score": 0.027,
      "asset_ownership_score": 0.082,
      "payment_reliability": 0.255,
      "transaction_health": 0.177,
      "overdraft_risk": 0.24,
      "employment_stability": 0.267,
      "account_maturity": 0.25,
      "business_health_score": 0.107,
      "age_years": 0.095,
      "open_credit_lines": 0.269,
      "location_risk_index": 0.174
    },
    "hidden_fields": [
      "account_maturity",
      "delinquency_60_89",
      "open_credit_lines",
      "overdraft_risk"
    ],
    "visible_fields": [
      "employment_stability",
      "income_capacity_score",
      "location_risk_index",
      "payment_reliability",
      "transaction_health"
    ],
    "data_quality": "observed_with_noise",
    "applicant_behavior": "honest",
    "is_adversarial": false,
    "fabricated_fields": [],
    "withheld_fields": [],
    "raw_row": {
      "revolvingutilizationofunsecuredlines": 0.011428245,
      "numberoftime30-59dayspastduenotworse": 0.0,
      "numberoftimes90dayslate": 0.0,
      "numberoftime60-89dayspastduenotworse": 0.0,
      "numberrealestateloansorlines": 0.0,
      "numberofdependents": 0.0,
      "numberofopencreditlinesandloans": 3.0,
      "age": 78.0,
      "marital_status": 2.0,
      "employment_type": 1.0,
      "years_at_address": 7.0,
      "months_employed": 18.0,
      "monthlyincome": 5100.0,
      "monthly_revenue": 329899.0,
      "profit_margin": 6.0,
      "business_age": 3.0,
      "business_type_risk": 0.25,
      "business_type_encoded": 1.0,
      "debtratio": 0.00235248,
      "medical_debt": 2902.0,
      "current_medical_condition": 0.0,
      "emi_payment_ratio": 0.650333017,
      "rent_payment_regular": 1.0,
      "utility_payment_ratio": 0.693477045,
      "fd_amount": 429700.0,
      "gold_value_estimate": 130297.0,
      "property_owned": 1.0,
      "vehicle_owned": 1.0,
      "emergency_savings_months": 11.0,
      "bank_account_age_months": 99.0,
      "avg_monthly_balance": 33125.0,
      "negative_balance_days": 9.0,
      "overdraft_count": 0.0,
      "salary_credit_consistency": 0.779611381,
      "income_variability_score": 0.773476222,
      "monthly_upi_spend": 3714.0,
      "active_txn_days": 9.0,
      "failed_txn_ratio": 0.176381938,
      "late_night_txn_ratio": 0.259022748,
      "gov_scheme_enrollment": 1.0,
      "location_risk_index": 0.5,
      "target": 0.0
    },
    "source": "dataset_sample"
  },
  "ground_truth": {
    "tier": "high_risk",
    "decision": "deny",
    "default_prob": 0.74142,
    "confidence": 0.627729,
    "market_condition": "Recession",
    "thresholds": {
      "low_risk": 0.1592,
      "medium_risk": 0.3054
    },
    "market_summary": "Conservative lending climate with tighter approval requirements."
  },
  "market_state": {
    "name": "Recession",
    "base_rate": 13.1,
    "default_risk_index": 1.18,
    "sector_outlook": "Conservative lending climate with tighter approval requirements.",
    "threshold_delta": -0.06
  },
  "market_visible": false,
  "current_policy": {
    "max_dti": 0.6,
    "required_fields": [
      "payment_reliability",
      "debt_burden_score"
    ]
  },
  "conversation": [
    {
      "role": "system",
      "content": "Episode 8ab5c675-9b32-49aa-9084-b080ca5a7f6a started for task 'binary_decision' with difficulty 'easy'. Investigate the applicant within 8 steps.",
      "step": 0
    },
    {
      "role": "applicant",
      "content": "Submitting application 30B62A85 with partially observed profile data. Declared quality: observed_with_noise.",
      "step": 0
    },
    {
      "role": "assistant",
      "content": "Please provide the field 'debt_burden_score'.",
      "step": 1
    },
    {
      "role": "applicant",
      "content": "debt_burden_score provided as 0.339412 with self-reported confidence 0.73.",
      "step": 1
    },
    {
      "role": "assistant",
      "content": "Please provide the field 'total_delinquency_score'.",
      "step": 2
    },
    {
      "role": "applicant",
      "content": "total_delinquency_score provided as 0.000000 with self-reported confidence 0.79.",
      "step": 2
    },
    {
      "role": "assistant",
      "content": "Please provide the field 'overdraft_risk'.",
      "step": 3
    },
    {
      "role": "applicant",
      "content": "overdraft_risk provided as 0.000000 with self-reported confidence 0.76.",
      "step": 3
    },
    {
      "role": "assistant",
      "content": "Please provide the field 'medical_stress_score'.",
      "step": 4
    },
    {
      "role": "applicant",
      "content": "medical_stress_score provided as 0.529992 with self-reported confidence 0.92.",
      "step": 4
    },
    {
      "role": "assistant",
      "content": "Please provide the field 'account_maturity'.",
      "step": 5
    },
    {
      "role": "applicant",