{
  "session_id": "6442febc-2d9f-4f72-8e8f-df0eeb4a1831",
  "episode_count": 1,
  "auditor_compliance_log": [
    0.9571
  ],
  "episode_id": "b4c16111-122e-4ea9-a471-0d643f852515",
  "task": "binary_decision",
  "difficulty": "easy",
  "steps_taken": 3,
  "cumulative_reward": 1.0371,
  "applicant": {
    "applicant_id": "9E4F8A0D",
    "features": {
      "revolving_utilization": 0.040051889,
      "delinquency_30_59": 0.0,
      "delinquency_60_89": 0.0,
      "delinquency_90plus": 0.0,
      "total_delinquency_score": 0.0,
      "debt_burden_score": 0.4238810203414186,
      "real_estate_exposure": 0.1,
      "medical_stress_score": 0.555281837224256,
      "income_capacity_score": 0.7190126159219868,
      "net_worth_score": 0.757359442047159,
      "asset_ownership_score": 0.6,
      "payment_reliability": 0.7418261288333333,
      "transaction_health": 0.6102715533743296,
      "overdraft_risk": 0.1,
      "employment_stability": 0.7350777143578039,
      "account_maturity": 0.9503688478774202,
      "business_health_score": 0.9125,
      "age_years": 0.4888888888888889,
      "open_credit_lines": 0.13333333333333333,
      "location_risk_index": 0.9
    },
    "presented_features": {
      "revolving_utilization": 0.040051889,
      "delinquency_30_59": 0.0,
      "delinquency_60_89": 0.0,
      "delinquency_90plus": 0.0,
      "total_delinquency_score": 0.0,
      "debt_burden_score": 0.3972572682313128,
      "real_estate_exposure": 0.1,
      "medical_stress_score": 0.5608672164688615,
      "income_capacity_score": 0.7190126159219868,
      "net_worth_score": 0.757359442047159,
      "asset_ownership_score": 0.6,
      "payment_reliability": 0.7418261288333333,
      "transaction_health": 0.6102715533743296,
      "overdraft_risk": 0.1,
      "employment_stability": 0.7350777143578039,
      "account_maturity": 0.9503688478774202,
      "business_health_score": 0.9125,
      "age_years": 0.4888888888888889,
      "open_credit_lines": 0.13333333333333333,
      "location_risk_index": 0.9
    },
    "field_confidence": {
      "revolving_utilization": 0.858,
      "delinquency_30_59": 0.909,
      "delinquency_60_89": 0.977,
      "delinquency_90plus": 0.845,
      "total_delinquency_score": 0.816,
      "debt_burden_score": 0.919,
      "real_estate_exposure": 0.72,
      "medical_stress_score": 0.799,
      "income_capacity_score": 0.75,
      "net_worth_score": 0.724,
      "asset_ownership_score": 0.88,
      "payment_reliability": 0.838,
      "transaction_health": 0.971,
      "overdraft_risk": 0.806,
      "employment_stability": 0.8,
      "account_maturity": 0.879,
      "business_health_score": 0.876,
      "age_years": 0.869,
      "open_credit_lines": 0.956,
      "location_risk_index": 0.933
    },
    "uncertainty_flags": {
      "revolving_utilization": 0.142,
      "delinquency_30_59": 0.091,
      "delinquency_60_89": 0.023,
      "delinquency_90plus": 0.155,
      "total_delinquency_score": 0.184,
      "debt_burden_score": 0.081,
      "real_estate_exposure": 0.28,
      "medical_stress_score": 0.201,
      "income_capacity_score": 0.25,
      "net_worth_score": 0.276,
      "asset_ownership_score": 0.12,
      "payment_reliability": 0.162,
      "transaction_health": 0.029,
      "overdraft_risk": 0.194,
      "employment_stability": 0.2,
      "account_maturity": 0.121,
      "business_health_score": 0.124,
      "age_years": 0.131,
      "open_credit_lines": 0.044,
      "location_risk_index": 0.067
    },
    "hidden_fields": [
      "age_years",
      "income_capacity_score",
      "open_credit_lines",
      "total_delinquency_score"
    ],
    "visible_fields": [
      "account_maturity",
      "employment_stability",
      "location_risk_index",
      "payment_reliability",
      "transaction_health"
    ],
    "data_quality": "observed_with_noise",
    "applicant_behavior": "honest",
    "is_adversarial": false,
    "fabricated_fields": [],
    "withheld_fields": [],
    "raw_row": {
      "revolvingutilizationofunsecuredlines": 0.040051889,
      "numberoftime30-59dayspastduenotworse": 0.0,
      "numberoftimes90dayslate": 0.0,
      "numberoftime60-89dayspastduenotworse": 0.0,
      "numberrealestateloansorlines": 1.0,
      "numberofdependents": 2.0,
      "numberofopencreditlinesandloans": 4.0,
      "age": 44.0,
      "marital_status": 0.0,
      "employment_type": 1.0,
      "years_at_address": 18.0,
      "months_employed": 149.0,
      "monthlyincome": 2300.0,
      "monthly_revenue": 255845.0,
      "profit_margin": 33.0,
      "business_age": 14.0,
      "business_type_risk": 0.25,
      "business_type_encoded": 1.0,
      "debtratio": 1.35071708,
      "medical_debt": 4246.0,
      "current_medical_condition": 0.0,
      "emi_payment_ratio": 0.536947516,
      "rent_payment_regular": 1.0,
      "utility_payment_ratio": 0.897485087,
      "fd_amount": 93765.0,
      "gold_value_estimate": 81858.0,
      "property_owned": 1.0,
      "vehicle_owned": 0.0,
      "emergency_savings_months": 5.0,
      "bank_account_age_months": 140.0,
      "avg_monthly_balance": 24336.0,
      "negative_balance_days": 6.0,
      "overdraft_count": 2.0,
      "salary_credit_consistency": 0.786182237,
      "income_variability_score": 0.466902213,
      "monthly_upi_spend": 7707.0,
      "active_txn_days": 8.0,
      "failed_txn_ratio": 0.006959498,
      "late_night_txn_ratio": 0.177371522,
      "gov_scheme_enrollment": 2.0,
      "location_risk_index": 0.9,
      "target": 1.0
    },
    "source": "dataset_sample"
  },
  "ground_truth": {
    "tier": "low_risk",
    "decision": "approve",
    "default_prob": 0.085476,
    "confidence": 0.794231,
    "market_condition": "Economic Boom",
    "thresholds": {
      "low_risk": 0.2692,
      "medium_risk": 0.4154
    },
    "market_summary": "Growth is strong and lenders tolerate slightly more risk."
  },
  "market_state": {
    "name": "Economic Boom",
    "base_rate": 7.9,
    "default_risk_index": 0.92,
    "sector_outlook": "Growth is strong and lenders tolerate slightly more risk.",
    "threshold_delta": 0.05
  },
  "market_visible": true,
  "current_policy": {
    "max_dti": 0.626,
    "required_fields": [
      "payment_reliability",
      "debt_burden_score"
    ]
  },
  "conversation": [
    {
      "role": "system",
      "content": "Episode b4c16111-122e-4ea9-a471-0d643f852515 started for task 'binary_decision' with difficulty 'easy'. Investigate the applicant within 8 steps.",
      "step": 0
    },
    {
      "role": "applicant",
      "content": "Submitting application 9E4F8A0D with partially observed profile data. Declared quality: observed_with_noise.",
      "step": 0
    },
    {
      "role": "assistant",
      "content": "Please provide the field 'revolving_utilization'.",
      "step": 1
    },
    {
      "role": "applicant",
      "content": "revolving_utilization provided as 0.040052 with self-reported confidence 0.86.",
      "step": 1
    },
    {
      "role": "assistant",
      "content": "Requesting current lending market conditions.",
      "step": 2
    },
    {
      "role": "system",
      "content": "Market revealed: Economic Boom with base rate 7.9 and outlook 'Growth is strong and lenders tolerate slightly more risk.'.",
      "step": 2
    },
    {
      "role": "assistant",
      "content": "Final action: approve. Reasoning: Approving after reviewing applicant and market data.",
      "step": 3
    },
    {
      "role": "system",
      "content": "Episode resolved with oracle_decision=approve and oracle_score=0.9145.",
      "step": 3
    }
  ],
  "fraud_flags": [],
  "requested_fields": [
    "revolving_utilization"
  ],
  "revealed_fields": {
    "account_maturity": {
      "value": 0.950369,
      "confidence": 0.879,
      "source": "initial"
    },
    "employment_stability": {
      "value": 0.735078,
      "confidence": 0.8,
      "source": "initial"
    },
    "location_risk_index": {
      "value": 0.9,