{
  "session_id": "6cf1d0c5-7117-4975-b25f-0a5d402a4ad8",
  "episode_count": 1,
  "auditor_compliance_log": [
    0.787
  ],
  "episode_id": "0a10e027-b48b-42f4-96de-b05d78cd0bce",
  "task": "binary_decision",
  "difficulty": "easy",
  "steps_taken": 7,
  "cumulative_reward": 0.9970000000000001,
  "applicant": {
    "applicant_id": "3EDC33AD",
    "features": {
      "revolving_utilization": 0.0,
      "delinquency_30_59": 0.0,
      "delinquency_60_89": 0.0,
      "delinquency_90plus": 0.0,
      "total_delinquency_score": 0.0,
      "debt_burden_score": 0.42149617681572266,
      "real_estate_exposure": 0.1,
      "medical_stress_score": 0.5192289502071679,
      "income_capacity_score": 0.7524159999582803,
      "net_worth_score": 0.8235785918855145,
      "asset_ownership_score": 0.4,
      "payment_reliability": 0.8697312278588889,
      "transaction_health": 0.5422210562373159,
      "overdraft_risk": 0.05,
      "employment_stability": 0.9536591465401683,
      "account_maturity": 0.9822085831714953,
      "business_health_score": 0.45999999999999996,
      "age_years": 0.4888888888888889,
      "open_credit_lines": 0.3,
      "location_risk_index": 0.5
    },
    "presented_features": {
      "revolving_utilization": 0.0,
      "delinquency_30_59": 0.0,
      "delinquency_60_89": 0.0,
      "delinquency_90plus": 0.0,
      "total_delinquency_score": 0.0,
      "debt_burden_score": 0.42149617681572266,
      "real_estate_exposure": 0.1,
      "medical_stress_score": 0.5066269167253584,
      "income_capacity_score": 0.7524159999582803,
      "net_worth_score": 0.8235785918855145,
      "asset_ownership_score": 0.4,
      "payment_reliability": 0.8697312278588889,
      "transaction_health": 0.5422210562373159,
      "overdraft_risk": 0.05,
      "employment_stability": 0.9536591465401683,
      "account_maturity": 0.9822085831714953,
      "business_health_score": 0.45999999999999996,
      "age_years": 0.4888888888888889,
      "open_credit_lines": 0.3,
      "location_risk_index": 0.5
    },
    "field_confidence": {
      "revolving_utilization": 0.965,
      "delinquency_30_59": 0.969,
      "delinquency_60_89": 0.796,
      "delinquency_90plus": 0.895,
      "total_delinquency_score": 0.755,
      "debt_burden_score": 0.875,
      "real_estate_exposure": 0.899,
      "medical_stress_score": 0.826,
      "income_capacity_score": 0.792,
      "net_worth_score": 0.832,
      "asset_ownership_score": 0.901,
      "payment_reliability": 0.736,
      "transaction_health": 0.784,
      "overdraft_risk": 0.817,
      "employment_stability": 0.785,
      "account_maturity": 0.802,
      "business_health_score": 0.865,
      "age_years": 0.937,
      "open_credit_lines": 0.95,
      "location_risk_index": 0.92
    },
    "uncertainty_flags": {
      "revolving_utilization": 0.035,
      "delinquency_30_59": 0.031,
      "delinquency_60_89": 0.204,
      "delinquency_90plus": 0.105,
      "total_delinquency_score": 0.245,
      "debt_burden_score": 0.125,
      "real_estate_exposure": 0.101,
      "medical_stress_score": 0.174,
      "income_capacity_score": 0.208,
      "net_worth_score": 0.168,
      "asset_ownership_score": 0.099,
      "payment_reliability": 0.264,
      "transaction_health": 0.216,
      "overdraft_risk": 0.183,
      "employment_stability": 0.215,
      "account_maturity": 0.198,
      "business_health_score": 0.135,
      "age_years": 0.063,
      "open_credit_lines": 0.05,
      "location_risk_index": 0.08
    },
    "hidden_fields": [
      "business_health_score",
      "payment_reliability",
      "total_delinquency_score",
      "transaction_health"
    ],
    "visible_fields": [
      "account_maturity",
      "employment_stability",
      "income_capacity_score",
      "location_risk_index"
    ],
    "data_quality": "observed_with_noise",
    "applicant_behavior": "honest",
    "is_adversarial": false,
    "fabricated_fields": [],
    "withheld_fields": [],
    "raw_row": {
      "revolvingutilizationofunsecuredlines": 0.0,
      "numberoftime30-59dayspastduenotworse": 0.0,
      "numberoftimes90dayslate": 0.0,
      "numberoftime60-89dayspastduenotworse": 0.0,
      "numberrealestateloansorlines": 1.0,
      "numberofdependents": 0.0,
      "numberofopencreditlinesandloans": 9.0,
      "age": 44.0,
      "marital_status": 0.0,
      "employment_type": 2.0,
      "years_at_address": 19.0,
      "months_employed": 195.0,
      "monthlyincome": 4800.0,
      "monthly_revenue": 229646.0,
      "profit_margin": 27.0,
      "business_age": 0.0,
      "business_type_risk": 0.4,
      "business_type_encoded": 3.0,
      "debtratio": 0.002707769,
      "medical_debt": 2468.0,
      "current_medical_condition": 0.0,
      "emi_payment_ratio": 0.952921265,
      "rent_payment_regular": 1.0,
      "utility_payment_ratio": 0.77634094,
      "fd_amount": 105207.0,
      "gold_value_estimate": 112201.0,
      "property_owned": 0.0,
      "vehicle_owned": 1.0,
      "emergency_savings_months": 7.0,
      "bank_account_age_months": 141.0,
      "avg_monthly_balance": 36032.0,
      "negative_balance_days": 1.0,
      "overdraft_count": 1.0,
      "salary_credit_consistency": 0.796529816,
      "income_variability_score": 0.21023251,
      "monthly_upi_spend": 6822.0,
      "active_txn_days": 5.0,
      "failed_txn_ratio": 0.029454064,
      "late_night_txn_ratio": 0.23326564,
      "gov_scheme_enrollment": 1.0,
      "location_risk_index": 0.5,
      "target": 1.0
    },
    "source": "dataset_sample"
  },
  "ground_truth": {
    "tier": "low_risk",
    "decision": "approve",
    "default_prob": 0.073135,
    "confidence": 0.799849,
    "market_condition": "Stable Credit",
    "thresholds": {
      "low_risk": 0.2192,
      "medium_risk": 0.3654
    },
    "market_summary": "Baseline credit conditions with neutral underwriting pressure."
  },
  "market_state": {
    "name": "Stable Credit",
    "base_rate": 9.5,
    "default_risk_index": 1.0,
    "sector_outlook": "Baseline credit conditions with neutral underwriting pressure.",
    "threshold_delta": 0.0
  },
  "market_visible": true,
  "current_policy": {
    "max_dti": 0.629,
    "required_fields": [
      "payment_reliability",
      "debt_burden_score"
    ]
  },
  "conversation": [
    {
      "role": "system",
      "content": "Episode 0a10e027-b48b-42f4-96de-b05d78cd0bce started for task 'binary_decision' with difficulty 'easy'. Investigate the applicant within 8 steps.",
      "step": 0
    },
    {
      "role": "applicant",
      "content": "Submitting application 3EDC33AD with partially observed profile data. Declared quality: observed_with_noise.",
      "step": 0
    },
    {
      "role": "assistant",
      "content": "Please provide the field 'payment_reliability'.",
      "step": 1
    },
    {
      "role": "applicant",
      "content": "payment_reliability provided as 0.869731 with self-reported confidence 0.74.",
      "step": 1
    },
    {
      "role": "assistant",
      "content": "Please provide the field 'debt_burden_score'.",
      "step": 2
    },
    {
      "role": "applicant",
      "content": "debt_burden_score provided as 0.421496 with self-reported confidence 0.88.",
      "step": 2
    },
    {
      "role": "assistant",
      "content": "Please provide the field 'total_delinquency_score'.",
      "step": 3
    },
    {
      "role": "applicant",
      "content": "total_delinquency_score provided as 0.000000 with self-reported confidence 0.76.",
      "step": 3
    },
    {
      "role": "assistant",
      "content": "Please provide the field 'overdraft_risk'.",
      "step": 4
    },
    {
      "role": "applicant",
      "content": "overdraft_risk provided as 0.050000 with self-reported confidence 0.82.",
      "step": 4
    },
    {
      "role": "assistant",
      "content": "Please provide the field 'medical_stress_score'.",
      "step": 5
    },
    {
      "role": "applicant",