{
  "session_id": "805ce408-2b53-43d8-93ef-4bf006664144",
  "episode_count": 1,
  "auditor_compliance_log": [
    0.2762
  ],
  "episode_id": "a97c8db6-b4fe-4c1b-ba54-e31652c09ef3",
  "task": "adaptive_inquiry",
  "difficulty": "hard",
  "steps_taken": 3,
  "cumulative_reward": 0.3562,
  "applicant": {
    "applicant_id": "10F61E07",
    "features": {
      "revolving_utilization": 0.02994012,
      "delinquency_30_59": 0.0,
      "delinquency_60_89": 0.0,
      "delinquency_90plus": 0.0,
      "total_delinquency_score": 0.0,
      "debt_burden_score": 0.42069178225000003,
      "real_estate_exposure": 0.0,
      "medical_stress_score": 0.6,
      "income_capacity_score": 0.7501772400109276,
      "net_worth_score": 0.7788594272945524,
      "asset_ownership_score": 1.0,
      "payment_reliability": 0.810808717718889,
      "transaction_health": 0.6225053716115174,
      "overdraft_risk": 0.2,
      "employment_stability": 0.48796631001390034,
      "account_maturity": 0.19153441985966238,
      "business_health_score": 0.8075,
      "age_years": 0.3,
      "open_credit_lines": 0.06666666666666667,
      "location_risk_index": 0.222222222
    },
    "presented_features": {
      "revolving_utilization": 0.02994012,
      "delinquency_30_59": 0.0,
      "delinquency_60_89": 0.0,
      "delinquency_90plus": 0.0,
      "total_delinquency_score": 0.0,
      "debt_burden_score": 0.42069178225000003,
      "real_estate_exposure": 0.0,
      "medical_stress_score": 0.5669287246985546,
      "income_capacity_score": 0.8348432293014325,
      "net_worth_score": 0.843677879479185,
      "asset_ownership_score": 1.0,
      "payment_reliability": 0.8698654010938174,
      "transaction_health": 0.6225053716115174,
      "overdraft_risk": 0.2,
      "employment_stability": 0.48796631001390034,
      "account_maturity": 0.19153441985966238,
      "business_health_score": 0.8075,
      "age_years": 0.3,
      "open_credit_lines": 0.06666666666666667,
      "location_risk_index": 0.222222222
    },
    "field_confidence": {
      "revolving_utilization": 0.788,
      "delinquency_30_59": 0.847,
      "delinquency_60_89": 0.762,
      "delinquency_90plus": 0.766,
      "total_delinquency_score": 0.369,
      "debt_burden_score": 0.932,
      "real_estate_exposure": 0.448,
      "medical_stress_score": 0.354,
      "income_capacity_score": 0.564,
      "net_worth_score": 0.481,
      "asset_ownership_score": 0.932,
      "payment_reliability": 0.555,
      "transaction_health": 0.975,
      "overdraft_risk": 0.501,
      "employment_stability": 0.889,
      "account_maturity": 0.891,
      "business_health_score": 0.897,
      "age_years": 0.795,
      "open_credit_lines": 0.905,
      "location_risk_index": 0.744
    },
    "uncertainty_flags": {
      "revolving_utilization": 0.212,
      "delinquency_30_59": 0.153,
      "delinquency_60_89": 0.238,
      "delinquency_90plus": 0.234,
      "total_delinquency_score": 0.631,
      "debt_burden_score": 0.068,
      "real_estate_exposure": 0.552,
      "medical_stress_score": 0.646,
      "income_capacity_score": 0.436,
      "net_worth_score": 0.519,
      "asset_ownership_score": 0.068,
      "payment_reliability": 0.445,
      "transaction_health": 0.025,
      "overdraft_risk": 0.499,
      "employment_stability": 0.111,
      "account_maturity": 0.109,
      "business_health_score": 0.103,
      "age_years": 0.205,
      "open_credit_lines": 0.095,
      "location_risk_index": 0.256
    },
    "hidden_fields": [
      "asset_ownership_score",
      "employment_stability",
      "income_capacity_score",
      "location_risk_index",
      "medical_stress_score",
      "overdraft_risk",
      "real_estate_exposure",
      "total_delinquency_score"
    ],
    "visible_fields": [
      "account_maturity",
      "payment_reliability",
      "revolving_utilization",
      "transaction_health"
    ],
    "data_quality": "adversarial",
    "applicant_behavior": "adversarial",
    "is_adversarial": true,
    "fabricated_fields": [
      "income_capacity_score",
      "net_worth_score",
      "payment_reliability"
    ],
    "withheld_fields": [
      "medical_stress_score",
      "overdraft_risk",
      "real_estate_exposure",
      "total_delinquency_score"
    ],
    "raw_row": {
      "revolvingutilizationofunsecuredlines": 0.02994012,
      "numberoftime30-59dayspastduenotworse": 0.0,
      "numberoftimes90dayslate": 0.0,
      "numberoftime60-89dayspastduenotworse": 0.0,
      "numberrealestateloansorlines": 0.0,
      "numberofdependents": 0.0,
      "numberofopencreditlinesandloans": 2.0,
      "age": 27.0,
      "marital_status": 1.0,
      "employment_type": 1.0,
      "years_at_address": 1.0,
      "months_employed": 63.0,
      "monthlyincome": 3000.0,
      "monthly_revenue": 362581.0,
      "profit_margin": 16.0,
      "business_age": 14.0,
      "business_type_risk": 0.55,
      "business_type_encoded": 6.0,
      "debtratio": 0.0,
      "medical_debt": 8321.625,
      "current_medical_condition": 0.0,
      "emi_payment_ratio": 0.882767129,
      "rent_payment_regular": 1.0,
      "utility_payment_ratio": 0.860823736,
      "fd_amount": 42069.0,
      "gold_value_estimate": 196672.0,
      "property_owned": 1.0,
      "vehicle_owned": 1.0,
      "emergency_savings_months": 6.0,
      "bank_account_age_months": 6.0,
      "avg_monthly_balance": 14036.0,
      "negative_balance_days": 1.0,
      "overdraft_count": 4.0,
      "salary_credit_consistency": 0.500897275,
      "income_variability_score": 0.506201129,
      "monthly_upi_spend": 2700.0,
      "active_txn_days": 17.0,
      "failed_txn_ratio": 0.194274127,
      "late_night_txn_ratio": 0.074724645,
      "gov_scheme_enrollment": 1.0,
      "location_risk_index": 0.222222222,
      "target": 0.0
    },
    "source": "dataset_sample"
  },
  "ground_truth": {
    "tier": "high_risk",
    "decision": "deny",
    "default_prob": 1.0,
    "confidence": 1.0,
    "market_condition": "Recession",
    "thresholds": {
      "low_risk": 0.1592,
      "medium_risk": 0.3054
    },
    "market_summary": "Conservative lending climate with tighter approval requirements."
  },
  "market_state": {
    "name": "Recession",
    "base_rate": 13.1,
    "default_risk_index": 1.18,
    "sector_outlook": "Conservative lending climate with tighter approval requirements.",
    "threshold_delta": -0.06
  },
  "market_visible": true,
  "current_policy": {
    "max_dti": 0.481,
    "required_fields": [
      "payment_reliability",
      "debt_burden_score",
      "overdraft_risk",
      "total_delinquency_score"
    ]
  },
  "conversation": [
    {
      "role": "system",
      "content": "Episode a97c8db6-b4fe-4c1b-ba54-e31652c09ef3 started for task 'adaptive_inquiry' with difficulty 'hard'. Investigate the applicant within 8 steps.",
      "step": 0
    },
    {
      "role": "applicant",
      "content": "Submitting application 10F61E07 with partially observed profile data. Declared quality: adversarial.",
      "step": 0
    },
    {
      "role": "assistant",
      "content": "Please provide the field 'delinquency_30_59'.",
      "step": 1
    },
    {
      "role": "applicant",
      "content": "delinquency_30_59 provided as 0.000000 with self-reported confidence 0.85.",
      "step": 1
    },
    {
      "role": "assistant",
      "content": "Requesting current lending market conditions.",
      "step": 2
    },
    {
      "role": "system",
      "content": "Market revealed: Recession with base rate 13.1 and outlook 'Conservative lending climate with tighter approval requirements.'.",
      "step": 2
    },
    {
      "role": "assistant",
      "content": "Final action: approve. Reasoning: Approving after reviewing applicant and market data.",
      "step": 3
    },
    {
      "role": "system",
      "content": "Episode resolved with oracle_decision=deny and oracle_score=0.0000.",
      "step": 3
    }
  ],
  "fraud_flags": [],