{
  "session_id": "8252cef8-594b-4231-a55d-0d8f6e8f9632",
  "episode_count": 1,
  "auditor_compliance_log": [
    0.9571
  ],
  "episode_id": "d3048102-f1bd-41fb-a444-66fde58c3b42",
  "task": "adaptive_inquiry",
  "difficulty": "hard",
  "steps_taken": 3,
  "cumulative_reward": 1.0371,
  "applicant": {
    "applicant_id": "FBEE9ABF",
    "features": {
      "revolving_utilization": 0.224493575,
      "delinquency_30_59": 0.0,
      "delinquency_60_89": 0.0,
      "delinquency_90plus": 0.0,
      "total_delinquency_score": 0.0,
      "debt_burden_score": 0.4628574740813929,
      "real_estate_exposure": 0.2,
      "medical_stress_score": 0.5040187960541785,
      "income_capacity_score": 0.7338314079627176,
      "net_worth_score": 0.9111914776965737,
      "asset_ownership_score": 0.4,
      "payment_reliability": 0.8227805324,
      "transaction_health": 0.46133913869204335,
      "overdraft_risk": 0.0,
      "employment_stability": 0.5748697479134847,
      "account_maturity": 0.6549373339174901,
      "business_health_score": 0.5242857142857142,
      "age_years": 0.4777777777777778,
      "open_credit_lines": 0.6666666666666666,
      "location_risk_index": 0.727272727
    },
    "presented_features": {
      "revolving_utilization": 0.224493575,
      "delinquency_30_59": 0.0,
      "delinquency_60_89": 0.0,
      "delinquency_90plus": 0.0,
      "total_delinquency_score": 0.0,
      "debt_burden_score": 0.4628574740813929,
      "real_estate_exposure": 0.2,
      "medical_stress_score": 0.5040187960541785,
      "income_capacity_score": 0.849767139339951,
      "net_worth_score": 0.9996052610738377,
      "asset_ownership_score": 0.4,
      "payment_reliability": 0.9163978274996577,
      "transaction_health": 0.46133913869204335,
      "overdraft_risk": 0.0,
      "employment_stability": 0.5748697479134847,
      "account_maturity": 0.6784353010299959,
      "business_health_score": 0.5589714084675684,
      "age_years": 0.4777777777777778,
      "open_credit_lines": 0.6666666666666666,
      "location_risk_index": 0.727272727
    },
    "field_confidence": {
      "revolving_utilization": 0.885,
      "delinquency_30_59": 0.818,
      "delinquency_60_89": 0.855,
      "delinquency_90plus": 0.853,
      "total_delinquency_score": 0.943,
      "debt_burden_score": 0.97,
      "real_estate_exposure": 0.963,
      "medical_stress_score": 0.596,
      "income_capacity_score": 0.541,
      "net_worth_score": 0.623,
      "asset_ownership_score": 0.946,
      "payment_reliability": 0.402,
      "transaction_health": 0.914,
      "overdraft_risk": 0.496,
      "employment_stability": 0.776,
      "account_maturity": 0.755,
      "business_health_score": 0.902,
      "age_years": 0.788,
      "open_credit_lines": 0.732,
      "location_risk_index": 0.951
    },
    "uncertainty_flags": {
      "revolving_utilization": 0.115,
      "delinquency_30_59": 0.182,
      "delinquency_60_89": 0.145,
      "delinquency_90plus": 0.147,
      "total_delinquency_score": 0.057,
      "debt_burden_score": 0.03,
      "real_estate_exposure": 0.037,
      "medical_stress_score": 0.404,
      "income_capacity_score": 0.459,
      "net_worth_score": 0.377,
      "asset_ownership_score": 0.054,
      "payment_reliability": 0.598,
      "transaction_health": 0.086,
      "overdraft_risk": 0.504,
      "employment_stability": 0.224,
      "account_maturity": 0.245,
      "business_health_score": 0.098,
      "age_years": 0.212,
      "open_credit_lines": 0.268,
      "location_risk_index": 0.049
    },
    "hidden_fields": [
      "business_health_score",
      "delinquency_30_59",
      "delinquency_60_89",
      "employment_stability",
      "medical_stress_score",
      "overdraft_risk",
      "revolving_utilization",
      "total_delinquency_score"
    ],
    "visible_fields": [
      "account_maturity",
      "income_capacity_score",
      "location_risk_index",
      "payment_reliability",
      "transaction_health"
    ],
    "data_quality": "adversarial",
    "applicant_behavior": "adversarial",
    "is_adversarial": true,
    "fabricated_fields": [
      "income_capacity_score",
      "net_worth_score",
      "payment_reliability"
    ],
    "withheld_fields": [
      "medical_stress_score",
      "overdraft_risk"
    ],
    "raw_row": {
      "revolvingutilizationofunsecuredlines": 0.224493575,
      "numberoftime30-59dayspastduenotworse": 0.0,
      "numberoftimes90dayslate": 0.0,
      "numberoftime60-89dayspastduenotworse": 0.0,
      "numberrealestateloansorlines": 2.0,
      "numberofdependents": 1.0,
      "numberofopencreditlinesandloans": 20.0,
      "age": 43.0,
      "marital_status": 2.0,
      "employment_type": 1.0,
      "years_at_address": 8.0,
      "months_employed": 102.0,
      "monthlyincome": 5728.0,
      "monthly_revenue": 162127.0,
      "profit_margin": 8.0,
      "business_age": 11.0,
      "business_type_risk": 0.4,
      "business_type_encoded": 3.0,
      "debtratio": 0.701344039,
      "medical_debt": 1963.0,
      "current_medical_condition": 0.0,
      "emi_payment_ratio": 0.903028504,
      "rent_payment_regular": 1.0,
      "utility_payment_ratio": 0.835833572,
      "fd_amount": 39248.0,
      "gold_value_estimate": 183783.0,
      "property_owned": 0.0,
      "vehicle_owned": 1.0,
      "emergency_savings_months": 11.0,
      "bank_account_age_months": 92.0,
      "avg_monthly_balance": 8826.0,
      "negative_balance_days": 9.0,
      "overdraft_count": 0.0,
      "salary_credit_consistency": 0.968136392,
      "income_variability_score": 0.649991281,
      "monthly_upi_spend": 1901.0,
      "active_txn_days": 7.0,
      "failed_txn_ratio": 0.106365016,
      "late_night_txn_ratio": 0.278731445,
      "gov_scheme_enrollment": 0.0,
      "location_risk_index": 0.727272727,
      "target": 1.0
    },
    "source": "dataset_sample"
  },
  "ground_truth": {
    "tier": "low_risk",
    "decision": "approve",
    "default_prob": 0.146307,
    "confidence": 0.563785,
    "market_condition": "High Inflation",
    "thresholds": {
      "low_risk": 0.1892,
      "medium_risk": 0.3354
    },
    "market_summary": "Household cash flow is strained and missed payments rise."
  },
  "market_state": {
    "name": "High Inflation",
    "base_rate": 11.1,
    "default_risk_index": 1.08,
    "sector_outlook": "Household cash flow is strained and missed payments rise.",
    "threshold_delta": -0.03
  },
  "market_visible": true,
  "current_policy": {
    "max_dti": 0.502,
    "required_fields": [
      "payment_reliability",
      "debt_burden_score",
      "overdraft_risk",
      "total_delinquency_score"
    ]
  },
  "conversation": [
    {
      "role": "system",
      "content": "Episode d3048102-f1bd-41fb-a444-66fde58c3b42 started for task 'adaptive_inquiry' with difficulty 'hard'. Investigate the applicant within 8 steps.",
      "step": 0
    },
    {
      "role": "applicant",
      "content": "Submitting application FBEE9ABF with partially observed profile data. Declared quality: adversarial.",
      "step": 0
    },
    {
      "role": "assistant",
      "content": "Please provide the field 'revolving_utilization'.",
      "step": 1
    },
    {
      "role": "applicant",
      "content": "revolving_utilization provided as 0.224494 with self-reported confidence 0.89.",
      "step": 1
    },
    {
      "role": "assistant",
      "content": "Requesting current lending market conditions.",
      "step": 2
    },
    {
      "role": "system",
      "content": "Market revealed: High Inflation with base rate 11.1 and outlook 'Household cash flow is strained and missed payments rise.'.",
      "step": 2
    },
    {
      "role": "assistant",
      "content": "Final action: approve. Reasoning: Approving after reviewing applicant and market data.",
      "step": 3
    },
    {
      "role": "system",
      "content": "Episode resolved with oracle_decision=approve and oracle_score=0.8537.",
      "step": 3
    }
  ],
  "fraud_flags": [],