{
  "session_id": "a4d558b1-7162-4f38-be55-3e8793bdcb82",
  "episode_count": 1,
  "auditor_compliance_log": [
    0.2762
  ],
  "episode_id": "0abba0f9-6293-46eb-a6c6-2fa49715276e",
  "task": "binary_decision",
  "difficulty": "easy",
  "steps_taken": 3,
  "cumulative_reward": 0.3562,
  "applicant": {
    "applicant_id": "D62251F2",
    "features": {
      "revolving_utilization": 0.007499464,
      "delinquency_30_59": 0.0,
      "delinquency_60_89": 0.0,
      "delinquency_90plus": 0.0,
      "total_delinquency_score": 0.0,
      "debt_burden_score": 0.35250564639000004,
      "real_estate_exposure": 0.0,
      "medical_stress_score": 0.6,
      "income_capacity_score": 0.7261622626158853,
      "net_worth_score": 0.7003596581094921,
      "asset_ownership_score": 1.0,
      "payment_reliability": 0.7971357331877778,
      "transaction_health": 0.6180990801418995,
      "overdraft_risk": 0.05,
      "employment_stability": 0.6652502930243699,
      "account_maturity": 0.3670763637185452,
      "business_health_score": 0.5853571428571429,
      "age_years": 0.6666666666666666,
      "open_credit_lines": 0.2,
      "location_risk_index": 0.333333333
    },
    "presented_features": {
      "revolving_utilization": 0.007499464,
      "delinquency_30_59": 0.0,
      "delinquency_60_89": 0.0,
      "delinquency_90plus": 0.0,
      "total_delinquency_score": 0.0,
      "debt_burden_score": 0.35250564639000004,
      "real_estate_exposure": 0.0,
      "medical_stress_score": 0.6,
      "income_capacity_score": 0.7261622626158853,
      "net_worth_score": 0.6634613319812481,
      "asset_ownership_score": 1.0,
      "payment_reliability": 0.7971357331877778,
      "transaction_health": 0.6180990801418995,
      "overdraft_risk": 0.05,
      "employment_stability": 0.6652502930243699,
      "account_maturity": 0.3670763637185452,
      "business_health_score": 0.5853571428571429,
      "age_years": 0.6666666666666666,
      "open_credit_lines": 0.2,
      "location_risk_index": 0.3371807544077797
    },
    "field_confidence": {
      "revolving_utilization": 0.801,
      "delinquency_30_59": 0.89,
      "delinquency_60_89": 0.761,
      "delinquency_90plus": 0.886,
      "total_delinquency_score": 0.782,
      "debt_burden_score": 0.754,
      "real_estate_exposure": 0.887,
      "medical_stress_score": 0.846,
      "income_capacity_score": 0.761,
      "net_worth_score": 0.787,
      "asset_ownership_score": 0.779,
      "payment_reliability": 0.809,
      "transaction_health": 0.884,
      "overdraft_risk": 0.79,
      "employment_stability": 0.735,
      "account_maturity": 0.854,
      "business_health_score": 0.812,
      "age_years": 0.865,
      "open_credit_lines": 0.739,
      "location_risk_index": 0.942
    },
    "uncertainty_flags": {
      "revolving_utilization": 0.199,
      "delinquency_30_59": 0.11,
      "delinquency_60_89": 0.239,
      "delinquency_90plus": 0.114,
      "total_delinquency_score": 0.218,
      "debt_burden_score": 0.246,
      "real_estate_exposure": 0.113,
      "medical_stress_score": 0.154,
      "income_capacity_score": 0.239,
      "net_worth_score": 0.213,
      "asset_ownership_score": 0.221,
      "payment_reliability": 0.191,
      "transaction_health": 0.116,
      "overdraft_risk": 0.21,
      "employment_stability": 0.265,
      "account_maturity": 0.146,
      "business_health_score": 0.188,
      "age_years": 0.135,
      "open_credit_lines": 0.261,
      "location_risk_index": 0.058
    },
    "hidden_fields": [
      "employment_stability",
      "open_credit_lines",
      "overdraft_risk",
      "real_estate_exposure"
    ],
    "visible_fields": [
      "account_maturity",
      "income_capacity_score",
      "location_risk_index",
      "payment_reliability",
      "transaction_health"
    ],
    "data_quality": "observed_with_noise",
    "applicant_behavior": "honest",
    "is_adversarial": false,
    "fabricated_fields": [],
    "withheld_fields": [],
    "raw_row": {
      "revolvingutilizationofunsecuredlines": 0.007499464,
      "numberoftime30-59dayspastduenotworse": 0.0,
      "numberoftimes90dayslate": 0.0,
      "numberoftime60-89dayspastduenotworse": 0.0,
      "numberrealestateloansorlines": 0.0,
      "numberofdependents": 0.0,
      "numberofopencreditlinesandloans": 6.0,
      "age": 60.0,
      "marital_status": 0.0,
      "employment_type": 1.0,
      "years_at_address": 5.0,
      "months_employed": 194.0,
      "monthlyincome": 5166.0,
      "monthly_revenue": 148698.0,
      "profit_margin": 18.0,
      "business_age": 5.0,
      "business_type_risk": 0.45,
      "business_type_encoded": 2.0,
      "debtratio": 0.135862202,
      "medical_debt": 8321.625,
      "current_medical_condition": 0.0,
      "emi_payment_ratio": 0.571981169,
      "rent_payment_regular": 1.0,
      "utility_payment_ratio": 0.988508203,
      "fd_amount": 5839.0,
      "gold_value_estimate": 1472.0,
      "property_owned": 1.0,
      "vehicle_owned": 1.0,
      "emergency_savings_months": 10.0,
      "bank_account_age_months": 29.0,
      "avg_monthly_balance": 21230.0,
      "negative_balance_days": 2.0,
      "overdraft_count": 1.0,
      "salary_credit_consistency": 0.679910756,
      "income_variability_score": 0.148009056,
      "monthly_upi_spend": 5082.0,
      "active_txn_days": 12.0,
      "failed_txn_ratio": 0.082748691,
      "late_night_txn_ratio": 0.154510881,
      "gov_scheme_enrollment": 2.0,
      "location_risk_index": 0.333333333,
      "target": 0.0
    },
    "source": "dataset_sample"
  },
  "ground_truth": {
    "tier": "high_risk",
    "decision": "deny",
    "default_prob": 0.745822,
    "confidence": 0.599468,
    "market_condition": "Stable Credit",
    "thresholds": {
      "low_risk": 0.2192,
      "medium_risk": 0.3654
    },
    "market_summary": "Baseline credit conditions with neutral underwriting pressure."
  },
  "market_state": {
    "name": "Stable Credit",
    "base_rate": 9.5,
    "default_risk_index": 1.0,
    "sector_outlook": "Baseline credit conditions with neutral underwriting pressure.",
    "threshold_delta": 0.0
  },
  "market_visible": true,
  "current_policy": {
    "max_dti": 0.608,
    "required_fields": [
      "payment_reliability",
      "debt_burden_score"
    ]
  },
  "conversation": [
    {
      "role": "system",
      "content": "Episode 0abba0f9-6293-46eb-a6c6-2fa49715276e started for task 'binary_decision' with difficulty 'easy'. Investigate the applicant within 8 steps.",
      "step": 0
    },
    {
      "role": "applicant",
      "content": "Submitting application D62251F2 with partially observed profile data. Declared quality: observed_with_noise.",
      "step": 0
    },
    {
      "role": "assistant",
      "content": "Please provide the field 'revolving_utilization'.",
      "step": 1
    },
    {
      "role": "applicant",
      "content": "revolving_utilization provided as 0.007499 with self-reported confidence 0.80.",
      "step": 1
    },
    {
      "role": "assistant",
      "content": "Requesting current lending market conditions.",
      "step": 2
    },
    {
      "role": "system",
      "content": "Market revealed: Stable Credit with base rate 9.5 and outlook 'Baseline credit conditions with neutral underwriting pressure.'.",
      "step": 2
    },
    {
      "role": "assistant",
      "content": "Final action: approve. Reasoning: Approving after reviewing applicant and market data.",
      "step": 3
    },
    {
      "role": "system",
      "content": "Episode resolved with oracle_decision=deny and oracle_score=0.2542.",
      "step": 3
    }
  ],
  "fraud_flags": [],
  "requested_fields": [
    "revolving_utilization"
  ],
  "revealed_fields": {
    "account_maturity": {
      "value": 0.367076,
      "confidence": 0.854,
      "source": "initial"
    },
    "income_capacity_score": {
      "value": 0.726162,
      "confidence": 0.761,
      "source": "initial"
    },
    "location_risk_index": {
      "value": 0.337181,