{
  "session_id": "adc98408-c991-4c17-b579-1c47b5c6453b",
  "episode_count": 1,
  "auditor_compliance_log": [
    -0.5
  ],
  "episode_id": "e897d1de-f44f-4023-a542-f38a77bab5d6",
  "task": "adaptive_inquiry",
  "difficulty": "hard",
  "steps_taken": 8,
  "cumulative_reward": -0.21999999999999997,
  "applicant": {
    "applicant_id": "A629C408",
    "features": {
      "revolving_utilization": 0.455949339,
      "delinquency_30_59": 0.0,
      "delinquency_60_89": 0.0,
      "delinquency_90plus": 0.0,
      "total_delinquency_score": 0.0,
      "debt_burden_score": 0.40036263144714157,
      "real_estate_exposure": 0.1,
      "medical_stress_score": 0.5435158353514248,
      "income_capacity_score": 0.6917893529008428,
      "net_worth_score": 0.805857257678422,
      "asset_ownership_score": 0.4,
      "payment_reliability": 0.8292029287577778,
      "transaction_health": 0.8431818599873413,
      "overdraft_risk": 0.0,
      "employment_stability": 0.5979694205720543,
      "account_maturity": 0.8483056112547177,
      "business_health_score": 0.6275,
      "age_years": 0.6,
      "open_credit_lines": 0.2,
      "location_risk_index": 0.454545455
    },
    "presented_features": {
      "revolving_utilization": 0.455949339,
      "delinquency_30_59": 0.0,
      "delinquency_60_89": 0.0,
      "delinquency_90plus": 0.0,
      "total_delinquency_score": 0.0,
      "debt_burden_score": 0.40036263144714157,
      "real_estate_exposure": 0.1,
      "medical_stress_score": 0.5435158353514248,
      "income_capacity_score": 0.7615742923571389,
      "net_worth_score": 0.9403619995843695,
      "asset_ownership_score": 0.4,
      "payment_reliability": 0.8890633042083929,
      "transaction_health": 0.8431818599873413,
      "overdraft_risk": 0.0,
      "employment_stability": 0.5979694205720543,
      "account_maturity": 0.8483056112547177,
      "business_health_score": 0.6275,
      "age_years": 0.6,
      "open_credit_lines": 0.2,
      "location_risk_index": 0.454545455
    },
    "field_confidence": {
      "revolving_utilization": 0.805,
      "delinquency_30_59": 0.913,
      "delinquency_60_89": 0.944,
      "delinquency_90plus": 0.891,
      "total_delinquency_score": 0.492,
      "debt_burden_score": 0.907,
      "real_estate_exposure": 0.768,
      "medical_stress_score": 0.401,
      "income_capacity_score": 0.488,
      "net_worth_score": 0.543,
      "asset_ownership_score": 0.731,
      "payment_reliability": 0.472,
      "transaction_health": 0.736,
      "overdraft_risk": 0.588,
      "employment_stability": 0.932,
      "account_maturity": 0.886,
      "business_health_score": 0.924,
      "age_years": 0.894,
      "open_credit_lines": 0.875,
      "location_risk_index": 0.947
    },
    "uncertainty_flags": {
      "revolving_utilization": 0.195,
      "delinquency_30_59": 0.087,
      "delinquency_60_89": 0.056,
      "delinquency_90plus": 0.109,
      "total_delinquency_score": 0.508,
      "debt_burden_score": 0.093,
      "real_estate_exposure": 0.232,
      "medical_stress_score": 0.599,
      "income_capacity_score": 0.512,
      "net_worth_score": 0.457,
      "asset_ownership_score": 0.269,
      "payment_reliability": 0.528,
      "transaction_health": 0.264,
      "overdraft_risk": 0.412,
      "employment_stability": 0.068,
      "account_maturity": 0.114,
      "business_health_score": 0.076,
      "age_years": 0.106,
      "open_credit_lines": 0.125,
      "location_risk_index": 0.053
    },
    "hidden_fields": [
      "age_years",
      "debt_burden_score",
      "income_capacity_score",
      "medical_stress_score",
      "overdraft_risk",
      "revolving_utilization",
      "total_delinquency_score",
      "transaction_health"
    ],
    "visible_fields": [
      "account_maturity",
      "employment_stability",
      "location_risk_index",
      "payment_reliability"
    ],
    "data_quality": "adversarial",
    "applicant_behavior": "adversarial",
    "is_adversarial": true,
    "fabricated_fields": [
      "income_capacity_score",
      "net_worth_score",
      "payment_reliability"
    ],
    "withheld_fields": [
      "medical_stress_score",
      "overdraft_risk",
      "total_delinquency_score"
    ],
    "raw_row": {
      "revolvingutilizationofunsecuredlines": 0.455949339,
      "numberoftime30-59dayspastduenotworse": 0.0,
      "numberoftimes90dayslate": 0.0,
      "numberoftime60-89dayspastduenotworse": 0.0,
      "numberrealestateloansorlines": 1.0,
      "numberofdependents": 1.0,
      "numberofopencreditlinesandloans": 6.0,
      "age": 54.0,
      "marital_status": 1.0,
      "employment_type": 1.0,
      "years_at_address": 8.0,
      "months_employed": 216.0,
      "monthlyincome": 4702.0,
      "monthly_revenue": 132532.0,
      "profit_margin": 30.0,
      "business_age": 14.0,
      "business_type_risk": 0.35,
      "business_type_encoded": 4.0,
      "debtratio": 0.142887519,
      "medical_debt": 3557.0,
      "current_medical_condition": 0.0,
      "emi_payment_ratio": 0.79675424,
      "rent_payment_regular": 1.0,
      "utility_payment_ratio": 0.794465532,
      "fd_amount": 154882.0,
      "gold_value_estimate": 96797.0,
      "property_owned": 0.0,
      "vehicle_owned": 1.0,
      "emergency_savings_months": 6.0,
      "bank_account_age_months": 166.0,
      "avg_monthly_balance": 25813.0,
      "negative_balance_days": 2.0,
      "overdraft_count": 0.0,
      "salary_credit_consistency": 0.817210191,
      "income_variability_score": 0.859174494,
      "monthly_upi_spend": 3201.0,
      "active_txn_days": 27.0,
      "failed_txn_ratio": 0.042797935,
      "late_night_txn_ratio": 0.044056915,
      "gov_scheme_enrollment": 0.0,
      "location_risk_index": 0.454545455,
      "target": 1.0
    },
    "source": "dataset_sample"
  },
  "ground_truth": {
    "tier": "low_risk",
    "decision": "approve",
    "default_prob": 0.061999,
    "confidence": 0.850749,
    "market_condition": "Economic Boom",
    "thresholds": {
      "low_risk": 0.2692,
      "medium_risk": 0.4154
    },
    "market_summary": "Growth is strong and lenders tolerate slightly more risk."
  },
  "market_state": {
    "name": "Economic Boom",
    "base_rate": 7.9,
    "default_risk_index": 0.92,
    "sector_outlook": "Growth is strong and lenders tolerate slightly more risk.",
    "threshold_delta": 0.05
  },
  "market_visible": true,
  "current_policy": {
    "max_dti": 0.489,
    "required_fields": [
      "payment_reliability",
      "debt_burden_score",
      "overdraft_risk",
      "total_delinquency_score"
    ]
  },
  "conversation": [
    {
      "role": "system",
      "content": "Episode e897d1de-f44f-4023-a542-f38a77bab5d6 started for task 'adaptive_inquiry' with difficulty 'hard'. Investigate the applicant within 8 steps.",
      "step": 0
    },
    {
      "role": "applicant",
      "content": "Submitting application A629C408 with partially observed profile data. Declared quality: adversarial.",
      "step": 0
    },
    {
      "role": "assistant",
      "content": "Please provide the field 'debt_burden_score'.",
      "step": 1
    },
    {
      "role": "applicant",
      "content": "debt_burden_score provided as 0.400363 with self-reported confidence 0.91.",
      "step": 1
    },
    {
      "role": "assistant",
      "content": "Please provide the field 'overdraft_risk'.",
      "step": 2
    },
    {
      "role": "applicant",
      "content": "overdraft_risk provided as 0.000000 with self-reported confidence 0.59.",
      "step": 2
    },
    {
      "role": "assistant",
      "content": "Please provide the field 'total_delinquency_score'.",
      "step": 3
    },
    {
      "role": "applicant",
      "content": "total_delinquency_score provided as 0.000000 with self-reported confidence 0.49.",
      "step": 3
    },
    {
      "role": "assistant",
      "content": "Please provide the field 'medical_stress_score'.",
      "step": 4
    },
    {
      "role": "applicant",